distance,clock,feature_type,depth,length,width,survey_year
-27.82,,Area Start Launcher,,,,2007
-19.48,06:00:00,Support,,,,2007
-15.78,06:00:00,Support,,,,2007
-12.21,06:00:00,Tap,,,,2007
-6.49,,Support,,,,2007
-5.3,,Flange,,,,2007
-1.38,09:00:00,Tap,,,,2007
0.0,,Valve,,,,2007
1.41,09:00:00,Tap,,,,2007
8.08,09:00:00,Tee,,,,2007
11.21,12:00:00,Tap,,,,2007
15.36,,Bend,,,,2007
21.15,,Area End Launcher,,,,2007
21.57,12:00:00,Magnet,,,,2007
28.38,,Girth Weld,,,,2007
29.8,,Above Ground Marker,,,,2007
33.82,,Bend,,,,2007
39.0,,Girth Weld,,,,2007
46.17,,Bend,,,,2007
53.91,,Girth Weld,,,,2007
93.8,,Girth Weld,,,,2007
98.5,,Bend,,,,2007
103.43,,Girth Weld,,,,2007
107.46,,Bend,,,,2007
125.12,09:04:00,Cluster,16.0,3.55,2.64,2007
127.58,05:50:00,Cluster,18.0,2.0,3.44,2007
128.45,,Girth Weld,,,,2007
143.61,,Girth Weld,,,,2007
175.18,,Girth Weld,,,,2007
215.24,,Girth Weld,,,,2007
255.28,,Girth Weld,,,,2007
262.31,,Bend,,,,2007
268.91,,Girth Weld,,,,2007
308.99,,Girth Weld,,,,2007
349.02,,Girth Weld,,,,2007
354.08,,Bend,,,,2007
359.15,,Girth Weld,,,,2007
376.14,,Girth Weld,,,,2007
379.98,,Bend,,,,2007
384.27,,Girth Weld,,,,2007
407.34,,Girth Weld,,,,2007
412.26,,Bend,,,,2007
417.43,,Girth Weld,,,,2007
429.59,,Girth Weld,,,,2007
434.06,,Bend,,,,2007
446.01,,Girth Weld,,,,2007
486.01,,Girth Weld,,,,2007
526.15,,Girth Weld,,,,2007
566.41,,Girth Weld,,,,2007
605.58,09:48:00,Cluster,10.0,0.86,2.41,2007
606.45,,Girth Weld,,,,2007
636.8,04:38:00,Cluster,15.0,1.85,8.94,2007
637.77,,Girth Weld,,,,2007
642.57,,Bend,,,,2007
647.4,,Girth Weld,,,,2007
651.09,,Bend,,,,2007
655.41,,Girth Weld,,,,2007
668.73,01:34:00,Cluster,21.0,4.67,10.14,2007
668.81,09:38:00,metal loss,40.0,1.02,0.94,2007
670.49,,Girth Weld,,,,2007
674.53,,Bend,,,,2007
678.36,,Girth Weld,,,,2007
679.22,08:16:00,metal loss,25.0,2.36,1.3,2007
679.28,08:50:00,metal loss,15.0,1.61,5.95,2007
687.11,,Girth Weld,,,,2007
697.49,,Girth Weld,,,,2007
737.46,,Girth Weld,,,,2007
743.36,,Bend,,,,2007
748.75,,Girth Weld,,,,2007
754.75,,Girth Weld,,,,2007
785.32,,Girth Weld,,,,2007
823.17,,Girth Weld,,,,2007
863.19,,Girth Weld,,,,2007
903.23,,Girth Weld,,,,2007
943.31,,Girth Weld,,,,2007
949.2,,Bend,,,,2007
955.78,,Girth Weld,,,,2007
957.34,04:17:00,Cluster,28.0,3.46,3.33,2007
957.56,03:44:00,metal loss,17.0,1.14,1.14,2007
985.38,,Girth Weld,,,,2007
992.14,,Bend,,,,2007
999.26,,Girth Weld,,,,2007
1039.3,,Girth Weld,,,,2007
1071.67,12:19:00,metal loss-manufacturing anomaly,18.0,0.67,0.83,2007
1079.26,,Girth Weld,,,,2007
1119.24,,Girth Weld,,,,2007
1159.23,,Girth Weld,,,,2007
1198.08,04:10:00,Cluster,13.0,4.9,1.11,2007
1199.28,,Girth Weld,,,,2007
1204.54,03:56:00,Cluster,13.0,8.21,5.13,2007
1226.73,07:51:00,Cluster,10.0,2.05,0.73,2007
1231.34,03:44:00,Cluster,10.0,4.49,4.88,2007
1238.12,07:51:00,Cluster,10.0,0.97,1.78,2007
1239.25,,Girth Weld,,,,2007
1239.41,03:45:00,Cluster,11.0,0.94,3.88,2007
1242.62,03:31:00,Cluster,11.0,8.17,5.95,2007
1252.92,07:41:00,Cluster,10.0,5.48,5.26,2007
1256.78,03:35:00,Cluster,10.0,1.02,2.2,2007
1262.7,07:45:00,Cluster,11.0,25.08,6.14,2007
1264.27,03:17:00,metal loss,10.0,0.47,0.59,2007
1265.9,03:20:00,Cluster,11.0,7.7,3.98,2007
1275.79,08:16:00,Cluster,10.0,5.03,3.86,2007
1276.9,07:59:00,Cluster,11.0,9.19,5.01,2007
1278.81,07:46:00,Cluster,10.0,5.35,9.59,2007
1279.23,,Girth Weld,,,,2007
1284.35,02:38:00,Cluster,11.0,2.45,7.96,2007
1296.52,08:41:00,Cluster,10.0,1.68,5.01,2007
1296.97,02:45:00,Cluster,10.0,2.5,3.56,2007
1299.79,08:33:00,Cluster,10.0,5.15,4.65,2007
1302.67,01:57:00,metal loss,12.0,0.55,0.55,2007
1319.26,,Girth Weld,,,,2007
1322.91,09:33:00,Cluster,10.0,1.82,2.26,2007
1330.47,08:40:00,Cluster,10.0,9.49,7.52,2007
1341.04,12:49:00,Cluster,10.0,27.71,19.52,2007
1342.19,12:24:00,metal loss,10.0,0.59,0.71,2007
1348.67,12:26:00,metal loss,10.0,0.55,0.71,2007
1349.99,01:40:00,Cluster,11.0,1.61,3.9,2007
1359.24,08:48:00,Cluster,13.0,7.85,12.23,2007
1359.29,,Girth Weld,,,,2007
1363.47,12:59:00,Cluster,10.0,3.68,17.3,2007
1366.12,01:45:00,Cluster,12.0,13.34,14.31,2007
1366.68,09:25:00,Cluster,12.0,2.83,3.31,2007
1367.08,08:15:00,Cluster,11.0,44.24,12.19,2007
1368.18,02:10:00,Cluster,11.0,26.45,12.59,2007
1371.07,08:09:00,Cluster,10.0,14.12,13.51,2007
1371.53,02:05:00,Cluster,13.0,12.13,11.86,2007
1372.43,02:18:00,Cluster,10.0,15.32,11.54,2007
1374.44,08:16:00,Cluster,10.0,7.01,11.81,2007
1376.07,09:46:00,Cluster,11.0,1.7,1.82,2007
1379.91,08:27:00,Cluster,10.0,6.49,11.08,2007
1380.08,02:04:00,Cluster,11.0,13.16,12.61,2007
1380.97,08:22:00,Cluster,10.0,5.74,2.72,2007
1381.24,03:04:00,Cluster,10.0,2.18,3.77,2007
1382.61,02:04:00,Cluster,11.0,9.08,11.83,2007
1383.64,08:21:00,Cluster,10.0,4.88,11.98,2007
1389.89,01:56:00,Cluster,13.0,9.49,12.15,2007
1394.54,01:56:00,Cluster,10.0,7.66,14.01,2007
1394.71,08:29:00,Cluster,11.0,13.49,11.29,2007
1395.92,08:36:00,Cluster,11.0,4.52,9.59,2007
1398.09,06:48:00,Cluster,11.0,5.52,20.09,2007
1398.71,08:22:00,Cluster,10.0,8.11,17.45,2007
1398.71,02:13:00,Cluster,12.0,6.7,10.33,2007
1398.73,05:53:00,Cluster,13.0,7.19,5.91,2007
1399.29,,Girth Weld,,,,2007
1399.35,01:53:00,Cluster,11.0,5.58,13.26,2007
1399.82,01:48:00,Cluster,10.0,12.95,14.68,2007
1404.28,02:43:00,Cluster,10.0,1.58,6.47,2007
1404.92,08:30:00,Cluster,11.0,3.47,2.81,2007
1404.97,08:38:00,Cluster,10.0,6.19,10.12,2007
1406.04,09:15:00,Cluster,10.0,5.17,8.04,2007
1406.96,08:23:00,Cluster,10.0,17.59,13.24,2007
1408.53,08:39:00,Cluster,10.0,9.12,11.21,2007
1409.15,02:10:00,Cluster,10.0,6.43,5.91,2007
1412.54,08:51:00,Cluster,11.0,18.37,11.52,2007
1415.09,02:10:00,Cluster,10.0,4.85,6.79,2007
1419.21,12:22:00,metal loss,10.0,0.67,0.71,2007
1419.48,08:29:00,Cluster,12.0,33.85,14.64,2007
1423.37,01:53:00,Cluster,10.0,6.65,6.49,2007
1424.4,08:42:00,Cluster,11.0,37.4,13.43,2007
1425.43,02:17:00,Cluster,14.0,12.29,7.46,2007
1428.94,01:54:00,Cluster,10.0,6.01,8.48,2007
1429.49,01:49:00,Cluster,12.0,7.54,8.63,2007
1430.91,02:09:00,Cluster,10.0,3.85,6.58,2007
1432.34,01:44:00,Cluster,10.0,12.38,12.38,2007
1433.32,11:41:00,metal loss-manufacturing anomaly,12.0,0.63,0.71,2007
1435.54,01:56:00,Cluster,10.0,5.23,9.59,2007
1438.5,01:51:00,Cluster,10.0,6.94,7.96,2007
1438.75,08:03:00,Cluster,17.0,6.48,15.12,2007
1439.23,,Girth Weld,,,,2007
1439.24,09:11:00,Cluster,12.0,5.89,7.73,2007
1439.25,02:12:00,Cluster,10.0,4.03,5.74,2007
1448.43,07:38:00,Cluster,10.0,1.15,3.46,2007
1454.64,09:12:00,Cluster,11.0,3.89,10.58,2007
1458.54,09:57:00,Cluster,10.0,0.62,1.8,2007
1461.84,09:27:00,Cluster,11.0,8.21,8.67,2007
1462.59,08:49:00,Cluster,10.0,11.21,11.42,2007
1463.37,01:04:00,Cluster,10.0,19.98,11.21,2007
1464.89,01:04:00,Cluster,10.0,13.72,11.71,2007
1466.02,09:03:00,Cluster,10.0,21.9,12.67,2007
1466.43,01:09:00,Cluster,10.0,10.44,10.05,2007
1473.88,01:26:00,Cluster,10.0,5.68,10.33,2007
1474.28,,Girth Weld,,,,2007
1477.89,09:03:00,Cluster,11.0,34.78,13.8,2007
1481.13,03:23:00,metal loss,10.0,0.59,0.55,2007
1481.25,01:04:00,Cluster,10.0,5.84,12.13,2007
1488.59,09:19:00,metal loss,10.0,0.51,0.63,2007
1494.04,08:52:00,Cluster,11.0,20.58,12.23,2007
1507.88,01:14:00,Cluster,10.0,7.0,7.88,2007
1510.97,01:46:00,Cluster,11.0,4.04,6.24,2007
1512.3,09:43:00,Cluster,10.0,4.52,6.97,2007
1514.27,,Girth Weld,,,,2007
1517.65,01:33:00,Cluster,10.0,12.73,8.61,2007
1518.41,01:02:00,Cluster,10.0,10.87,6.7,2007
1542.43,01:47:00,Cluster,10.0,6.01,5.8,2007
1553.88,10:11:00,Cluster,10.0,4.56,8.27,2007
1554.3,,Girth Weld,,,,2007
1560.05,09:56:00,metal loss,11.0,0.75,0.55,2007
1563.79,10:26:00,Cluster,10.0,10.93,6.66,2007
1571.84,10:40:00,Cluster,11.0,4.52,3.33,2007
1575.87,10:35:00,Cluster,15.0,7.39,6.91,2007
1582.01,10:37:00,Cluster,10.0,3.26,4.34,2007
1584.15,10:35:00,Cluster,14.0,3.89,3.14,2007
1584.61,10:37:00,Cluster,11.0,13.44,6.97,2007
1587.53,10:14:00,Cluster,10.0,4.07,6.97,2007
1593.8,09:06:00,Cluster,10.0,5.5,16.65,2007
1594.3,,Girth Weld,,,,2007
1595.0,08:21:00,Cluster,14.0,5.1,20.55,2007
1595.1,06:57:00,metal loss,20.0,1.18,6.34,2007
1609.99,12:24:00,metal loss,10.0,0.67,0.59,2007
1628.77,10:29:00,Cluster,11.0,0.8,2.12,2007
1634.38,09:54:00,Cluster,10.0,5.09,11.1,2007
1634.4,,Girth Weld,,,,2007
1634.41,12:16:00,Cluster,10.0,6.9,26.12,2007
1635.31,12:19:00,Cluster,11.0,4.88,22.14,2007
1673.93,09:27:00,Cluster,11.0,6.3,11.71,2007
1674.51,09:47:00,Cluster,10.0,5.08,12.73,2007
1674.51,,Girth Weld,,,,2007
1696.83,12:20:00,Cluster,11.0,0.92,2.85,2007
1714.09,09:52:00,Cluster,11.0,5.06,11.94,2007
1714.51,,Girth Weld,,,,2007
1754.45,,Girth Weld,,,,2007
1790.51,11:07:00,Cluster,10.0,2.77,2.26,2007
1794.43,,Girth Weld,,,,2007
1821.46,,Girth Weld,,,,2007
1861.47,,Girth Weld,,,,2007
1901.36,,Girth Weld,,,,2007
1940.19,,Girth Weld,,,,2007
1980.16,,Girth Weld,,,,2007
2020.22,,Girth Weld,,,,2007
2060.32,,Girth Weld,,,,2007
2100.43,,Girth Weld,,,,2007
2104.45,11:59:00,metal loss,13.0,0.51,0.59,2007
2112.13,11:54:00,Cluster,10.0,2.84,2.81,2007
2113.52,06:42:00,metal loss,14.0,0.79,0.71,2007
2114.25,11:06:00,metal loss,10.0,1.34,0.79,2007
2118.73,06:09:00,Cluster,13.0,2.03,3.02,2007
2120.53,12:49:00,metal loss,10.0,0.35,0.71,2007
2121.87,12:44:00,Cluster,11.0,2.93,4.88,2007
2123.05,04:56:00,metal loss,12.0,0.75,0.83,2007
2124.09,05:21:00,metal loss,10.0,0.71,0.71,2007
2126.34,06:03:00,metal loss,11.0,0.79,1.14,2007
2126.98,06:06:00,Cluster,22.0,1.81,2.98,2007
2127.06,06:58:00,Cluster,11.0,2.38,2.05,2007
2136.49,12:00:00,metal loss,15.0,0.75,0.71,2007
2137.77,11:17:00,Cluster,12.0,4.24,4.38,2007
2139.38,11:57:00,metal loss,11.0,0.43,0.71,2007
2140.31,04:47:00,metal loss,12.0,0.67,0.71,2007
2140.46,,Girth Weld,,,,2007
2146.34,11:59:00,Cluster,10.0,1.81,1.4,2007
2148.19,05:36:00,metal loss,19.0,0.79,0.55,2007
2150.44,07:16:00,metal loss,10.0,0.71,0.71,2007
2153.51,06:39:00,metal loss,15.0,0.91,0.91,2007
2157.49,06:58:00,metal loss,25.0,0.71,0.63,2007
2159.58,11:44:00,metal loss,10.0,1.26,1.06,2007
2161.08,06:40:00,metal loss,17.0,0.63,0.55,2007
2174.62,06:31:00,metal loss,12.0,0.87,0.91,2007
2176.77,12:04:00,metal loss,14.0,0.59,0.79,2007
2179.28,04:34:00,metal loss,10.0,0.59,0.71,2007
2179.45,05:04:00,Cluster,11.0,2.76,4.38,2007
2180.5,,Girth Weld,,,,2007
2181.73,05:17:00,metal loss,12.0,1.61,0.83,2007
2184.26,12:11:00,metal loss,10.0,0.51,0.71,2007
2192.61,07:18:00,metal loss,12.0,0.59,0.71,2007
2194.13,11:58:00,metal loss,11.0,0.71,0.59,2007
2218.72,05:13:00,metal loss,12.0,0.98,0.71,2007
2220.24,05:23:00,Cluster,16.0,3.12,2.77,2007
2220.24,06:19:00,metal loss,11.0,0.91,0.59,2007
2220.57,,Girth Weld,,,,2007
2222.85,07:15:00,metal loss,15.0,0.55,0.71,2007
2226.67,07:10:00,metal loss,10.0,0.59,0.71,2007
2226.72,06:24:00,metal loss,10.0,0.91,0.63,2007
2227.98,07:20:00,metal loss,12.0,0.63,0.71,2007
2228.8,06:27:00,metal loss,10.0,0.71,0.71,2007
2233.04,06:24:00,metal loss,13.0,0.79,0.94,2007
2233.17,04:57:00,Cluster,11.0,1.76,1.11,2007
2234.36,07:33:00,Cluster,11.0,2.12,0.73,2007
2234.69,05:14:00,metal loss,12.0,0.63,0.71,2007
2235.25,06:23:00,metal loss,10.0,1.1,0.83,2007
2238.9,05:19:00,Cluster,15.0,2.34,1.11,2007
2241.2,04:59:00,metal loss,15.0,0.67,0.71,2007
2241.84,05:26:00,metal loss,12.0,0.59,0.71,2007
2243.92,06:21:00,metal loss,17.0,0.71,0.71,2007
2244.89,06:11:00,metal loss,11.0,0.75,0.63,2007
2247.01,05:31:00,metal loss,17.0,0.87,0.71,2007
2248.76,06:26:00,metal loss,16.0,0.63,0.59,2007
2249.29,06:01:00,metal loss,10.0,0.71,0.71,2007
2249.5,06:28:00,metal loss,11.0,0.71,0.71,2007
2253.91,05:23:00,metal loss,13.0,0.47,0.71,2007
2255.76,05:25:00,Cluster,18.0,1.94,0.69,2007
2257.41,06:25:00,metal loss,13.0,0.79,0.67,2007
2258.13,04:55:00,Cluster,11.0,4.56,3.83,2007
2260.11,05:32:00,Cluster,15.0,3.11,3.31,2007
2260.38,,Girth Weld,,,,2007
2260.47,05:35:00,Cluster,13.0,1.57,4.48,2007
2262.01,07:07:00,metal loss,10.0,0.67,0.71,2007
2263.98,05:57:00,Cluster,13.0,1.66,0.69,2007
2266.01,11:47:00,metal loss,10.0,0.47,0.71,2007
2267.26,06:03:00,metal loss,10.0,0.79,0.59,2007
2268.51,05:25:00,metal loss,12.0,0.55,0.71,2007
2270.99,06:27:00,Cluster,10.0,1.86,1.43,2007
2290.43,05:30:00,Cluster,10.0,3.88,0.71,2007
2290.98,05:42:00,Cluster,12.0,1.62,3.27,2007
2300.05,05:52:00,Cluster,15.0,4.56,4.34,2007
2300.12,03:49:00,Cluster,16.0,4.03,8.09,2007
2300.45,,Girth Weld,,,,2007
2302.29,05:47:00,metal loss,13.0,0.67,0.71,2007
2310.0,06:09:00,metal loss,10.0,1.02,0.87,2007
2310.53,06:03:00,metal loss,14.0,0.98,0.87,2007
2310.84,,Girth Weld,,,,2007
2350.86,,Girth Weld,,,,2007
2358.48,,Bend,,,,2007
2365.92,,Girth Weld,,,,2007
2368.29,05:40:00,Cluster,13.0,5.62,5.97,2007
2389.72,,Girth Weld,,,,2007
2429.86,,Girth Weld,,,,2007
2469.96,,Girth Weld,,,,2007
2510.05,,Girth Weld,,,,2007
2550.13,,Girth Weld,,,,2007
2590.23,,Girth Weld,,,,2007
2630.32,,Girth Weld,,,,2007
2670.39,,Girth Weld,,,,2007
2710.45,,Girth Weld,,,,2007
2750.53,,Girth Weld,,,,2007
2790.6,,Girth Weld,,,,2007
2830.64,,Girth Weld,,,,2007
2870.64,,Girth Weld,,,,2007
2874.56,,Bend,,,,2007
2878.92,,Girth Weld,,,,2007
2909.7,,Girth Weld,,,,2007
2949.73,,Girth Weld,,,,2007
2982.66,11:01:00,metal loss,10.0,0.51,0.71,2007
2989.67,,Girth Weld,,,,2007
2991.42,09:37:00,Cluster,12.0,0.77,1.72,2007
2991.61,09:42:00,metal loss,13.0,0.55,0.55,2007
2993.61,09:30:00,Cluster,10.0,1.58,1.36,2007
2993.91,02:16:00,Cluster,12.0,1.63,0.67,2007
2994.5,09:17:00,Cluster,10.0,4.84,2.81,2007
3002.07,08:30:00,metal loss,10.0,0.51,0.55,2007
3002.24,08:29:00,metal loss,11.0,0.67,0.71,2007
3018.05,03:09:00,metal loss,10.0,0.63,0.63,2007
3019.88,08:31:00,Cluster,10.0,1.76,1.24,2007
3029.46,,Girth Weld,,,,2007
3051.05,04:35:00,Cluster,10.0,4.02,0.71,2007
3054.83,04:18:00,Cluster,10.0,3.74,1.05,2007
3055.25,04:22:00,metal loss,11.0,0.67,0.71,2007
3056.51,04:17:00,Cluster,11.0,3.52,0.69,2007
3056.8,07:17:00,Cluster,11.0,4.99,3.83,2007
3057.87,04:12:00,Cluster,11.0,3.41,1.2,2007
3058.36,04:17:00,metal loss,12.0,0.71,0.55,2007
3058.57,03:57:00,Cluster,11.0,6.88,2.77,2007
3059.08,07:18:00,Cluster,11.0,9.0,3.37,2007
3059.27,04:14:00,metal loss,10.0,0.91,0.71,2007
3059.76,03:47:00,Cluster,11.0,13.36,5.59,2007
3059.92,07:18:00,Cluster,11.0,7.37,3.88,2007
3060.69,07:42:00,Cluster,15.0,7.08,1.34,2007
3061.38,07:39:00,Cluster,15.0,11.11,2.28,2007
3061.47,03:59:00,Cluster,15.0,4.7,5.41,2007
3061.97,03:37:00,Cluster,10.0,6.55,5.03,2007
3062.41,07:34:00,Cluster,13.0,5.17,3.33,2007
3063.09,07:39:00,Cluster,11.0,5.63,3.44,2007
3063.55,03:46:00,Cluster,11.0,4.67,2.98,2007
3069.07,08:17:00,Cluster,12.0,4.69,5.59,2007
3069.45,,Girth Weld,,,,2007
3075.31,12:00:00,Tap,,,,2007
3109.4,,Girth Weld,,,,2007
3147.83,,Girth Weld,,,,2007
3187.86,,Girth Weld,,,,2007
3227.9,,Girth Weld,,,,2007
3267.93,,Girth Weld,,,,2007
3307.98,,Girth Weld,,,,2007
3347.22,03:48:00,metal loss,14.0,1.18,2.24,2007
3347.3,07:29:00,metal loss,11.0,0.71,0.94,2007
3348.1,,Girth Weld,,,,2007
3388.15,,Girth Weld,,,,2007
3406.04,05:32:00,Cluster,18.0,2.56,2.85,2007
3427.3,07:45:00,metal loss,12.0,0.87,1.93,2007
3428.16,,Girth Weld,,,,2007
3468.12,,Girth Weld,,,,2007
3508.11,,Girth Weld,,,,2007
3548.05,,Girth Weld,,,,2007
3588.09,,Girth Weld,,,,2007
3628.09,,Girth Weld,,,,2007
3668.09,,Girth Weld,,,,2007
3708.03,,Girth Weld,,,,2007
3742.6,,Girth Weld,,,,2007
3782.11,,Girth Weld,,,,2007
3822.05,,Girth Weld,,,,2007
3862.02,,Girth Weld,,,,2007
3901.98,,Girth Weld,,,,2007
3941.95,,Girth Weld,,,,2007
3981.92,,Girth Weld,,,,2007
4021.85,,Girth Weld,,,,2007
4061.77,,Girth Weld,,,,2007
4089.87,,Girth Weld,,,,2007
4129.81,,Girth Weld,,,,2007
4169.72,,Girth Weld,,,,2007
4209.61,,Girth Weld,,,,2007
4249.57,,Girth Weld,,,,2007
4289.56,,Girth Weld,,,,2007
4329.71,,Girth Weld,,,,2007
4369.88,,Girth Weld,,,,2007
4409.94,,Girth Weld,,,,2007
4450.01,,Girth Weld,,,,2007
4490.05,,Girth Weld,,,,2007
4530.09,,Girth Weld,,,,2007
4530.89,04:11:00,metal loss,15.0,1.02,2.32,2007
4570.15,,Girth Weld,,,,2007
4609.09,06:16:00,Cluster,17.0,3.47,6.35,2007
4610.18,,Girth Weld,,,,2007
4650.21,,Girth Weld,,,,2007
4690.15,,Girth Weld,,,,2007
4730.12,,Girth Weld,,,,2007
4770.09,,Girth Weld,,,,2007
4810.08,,Girth Weld,,,,2007
4850.01,,Girth Weld,,,,2007
4890.05,,Girth Weld,,,,2007
4918.04,,Girth Weld,,,,2007
4957.85,06:00:00,Cathodic Protection Point,,,,2007
4957.91,,Girth Weld,,,,2007
4997.71,,Girth Weld,,,,2007
5024.29,03:43:00,metal loss-manufacturing anomaly,15.0,0.67,0.55,2007
5034.22,,Girth Weld,,,,2007
5074.25,,Girth Weld,,,,2007
5104.73,,Girth Weld,,,,2007
5144.75,,Girth Weld,,,,2007
5184.86,,Girth Weld,,,,2007
5202.44,,Above Ground Marker,,,,2007
5223.59,,Girth Weld,,,,2007
5263.65,,Girth Weld,,,,2007
5292.54,06:14:00,Cluster,14.0,2.69,2.22,2007
5294.02,05:59:00,Cluster,12.0,1.72,0.69,2007
5303.53,,Girth Weld,,,,2007
5342.18,03:18:00,Cluster,43.0,6.68,36.53,2007
5343.56,,Girth Weld,,,,2007
5344.35,09:41:00,Cluster,16.0,2.0,12.63,2007
5344.55,02:33:00,Cluster,16.0,1.02,3.67,2007
5361.13,06:20:00,Cluster,21.0,4.13,6.03,2007
5361.85,06:06:00,metal loss,15.0,0.94,0.55,2007
5361.96,06:40:00,metal loss,29.0,1.73,1.14,2007
5362.03,07:18:00,Cluster,54.0,4.21,2.14,2007
5362.14,04:39:00,Cluster,28.0,4.5,2.77,2007
5362.5,07:01:00,Cluster,40.0,4.68,5.72,2007
5362.62,04:50:00,Cluster,13.0,2.05,2.33,2007
5363.02,04:26:00,metal loss,32.0,3.31,1.65,2007
5363.15,06:46:00,Cluster,19.0,3.37,8.23,2007
5363.59,04:21:00,Cluster,37.0,1.91,2.2,2007
5364.59,04:25:00,Cluster,35.0,2.35,2.12,2007
5365.07,04:23:00,Cluster,22.0,4.85,2.56,2007
5365.72,05:34:00,Cluster,59.0,14.66,17.01,2007
5365.86,04:43:00,Cluster,11.0,3.59,5.2,2007
5379.43,04:36:00,Cluster,40.0,3.78,19.14,2007
5383.67,,Girth Weld,,,,2007
5423.7,,Girth Weld,,,,2007
5446.59,,Girth Weld,,,,2007
5447.33,06:42:00,Cluster,12.0,2.09,16.57,2007
5458.94,12:40:00,metal loss-manufacturing anomaly,11.0,3.82,1.06,2007
5486.66,,Girth Weld,,,,2007
5526.72,,Girth Weld,,,,2007
5549.67,,Girth Weld,,,,2007
5589.75,,Girth Weld,,,,2007
5605.04,,Girth Weld,,,,2007
5645.08,,Girth Weld,,,,2007
5685.11,,Girth Weld,,,,2007
5725.11,,Girth Weld,,,,2007
5751.59,,Girth Weld,,,,2007
5791.63,,Girth Weld,,,,2007
5830.69,06:47:00,Cluster,19.0,1.66,6.26,2007
5831.64,,Girth Weld,,,,2007
5871.65,,Girth Weld,,,,2007
5911.65,,Girth Weld,,,,2007
5951.63,,Girth Weld,,,,2007
5991.61,,Girth Weld,,,,2007
6031.65,,Girth Weld,,,,2007
6068.56,,Girth Weld,,,,2007
6108.59,,Girth Weld,,,,2007
6148.61,,Girth Weld,,,,2007
6188.61,,Girth Weld,,,,2007
6228.63,,Girth Weld,,,,2007
6268.74,,Girth Weld,,,,2007
6308.97,,Girth Weld,,,,2007
6349.05,,Girth Weld,,,,2007
6389.1,,Girth Weld,,,,2007
6408.47,,Girth Weld,,,,2007
6448.38,,Girth Weld,,,,2007
6488.37,,Girth Weld,,,,2007
6528.36,,Girth Weld,,,,2007
6568.34,,Girth Weld,,,,2007
6608.32,,Girth Weld,,,,2007
6648.28,,Girth Weld,,,,2007
6688.26,,Girth Weld,,,,2007
6728.16,,Girth Weld,,,,2007
6768.1,,Girth Weld,,,,2007
6800.01,,Girth Weld,,,,2007
6839.98,,Girth Weld,,,,2007
6860.61,,Girth Weld,,,,2007
6900.58,,Girth Weld,,,,2007
6924.26,12:28:00,metal loss-manufacturing anomaly,14.0,0.59,0.55,2007
6925.53,09:45:00,metal loss-manufacturing anomaly,20.0,0.55,0.59,2007
6940.56,,Girth Weld,,,,2007
6979.62,05:21:00,metal loss,17.0,1.65,2.01,2007
6979.64,06:42:00,metal loss,25.0,1.26,3.9,2007
6980.48,,Girth Weld,,,,2007
7013.31,,Girth Weld,,,,2007
7052.36,03:50:00,Cluster,18.0,1.99,5.38,2007
7053.25,,Girth Weld,,,,2007
7093.24,,Girth Weld,,,,2007
7133.2,,Girth Weld,,,,2007
7173.17,,Girth Weld,,,,2007
7213.06,,Girth Weld,,,,2007
7253.1,,Girth Weld,,,,2007
7293.07,,Girth Weld,,,,2007
7297.32,12:00:00,Tap,,,,2007
7299.32,12:00:00,Tap,,,,2007
7333.11,,Girth Weld,,,,2007
7373.12,,Girth Weld,,,,2007
7413.01,,Girth Weld,,,,2007
7452.96,,Girth Weld,,,,2007
7492.89,,Girth Weld,,,,2007
7532.87,,Girth Weld,,,,2007
7572.84,,Girth Weld,,,,2007
7612.71,,Girth Weld,,,,2007
7637.41,09:07:00,metal loss,19.0,1.38,1.18,2007
7637.75,09:05:00,metal loss,14.0,1.46,1.53,2007
7638.8,09:38:00,Cluster,11.0,3.06,3.46,2007
7651.24,06:27:00,Cluster,11.0,3.41,1.38,2007
7652.58,,Girth Weld,,,,2007
7692.53,,Girth Weld,,,,2007
7732.39,,Girth Weld,,,,2007
7772.29,,Girth Weld,,,,2007
7783.18,,Girth Weld,,,,2007
7823.12,,Girth Weld,,,,2007
7863.12,,Girth Weld,,,,2007
7903.06,,Girth Weld,,,,2007
7942.72,,Girth Weld,,,,2007
7982.61,,Girth Weld,,,,2007
8022.5,,Girth Weld,,,,2007
8062.45,,Girth Weld,,,,2007
8102.44,,Girth Weld,,,,2007
8142.43,,Girth Weld,,,,2007
8182.43,,Girth Weld,,,,2007
8222.36,,Girth Weld,,,,2007
8262.31,,Girth Weld,,,,2007
8302.32,,Girth Weld,,,,2007
8342.32,,Girth Weld,,,,2007
8382.27,,Girth Weld,,,,2007
8421.4,06:52:00,metal loss,11.0,0.87,1.1,2007
8422.32,,Girth Weld,,,,2007
8447.44,,Girth Weld,,,,2007
8487.44,,Girth Weld,,,,2007
8527.47,,Girth Weld,,,,2007
8567.45,,Girth Weld,,,,2007
8607.42,,Girth Weld,,,,2007
8647.32,,Girth Weld,,,,2007
8686.05,,Girth Weld,,,,2007
8725.0,04:50:00,Cluster,10.0,3.94,4.61,2007
8725.97,,Girth Weld,,,,2007
8765.89,,Girth Weld,,,,2007
8805.81,,Girth Weld,,,,2007
8845.69,,Girth Weld,,,,2007
8885.64,,Girth Weld,,,,2007
8889.36,10:52:00,metal loss-manufacturing anomaly,13.0,0.47,0.71,2007
8889.87,07:07:00,metal loss-manufacturing anomaly,14.0,1.61,0.71,2007
8925.56,,Girth Weld,,,,2007
8963.32,,Girth Weld,,,,2007
9003.4,,Girth Weld,,,,2007
9043.4,,Girth Weld,,,,2007
9083.38,,Girth Weld,,,,2007
9123.35,,Girth Weld,,,,2007
9163.29,,Girth Weld,,,,2007
9203.22,,Girth Weld,,,,2007
9243.19,,Girth Weld,,,,2007
9283.21,,Girth Weld,,,,2007
9308.18,12:00:00,Tap,,,,2007
9323.26,,Girth Weld,,,,2007
9363.32,,Girth Weld,,,,2007
9403.23,,Girth Weld,,,,2007
9408.73,,Bend,,,,2007
9414.71,,Girth Weld,,,,2007
9454.77,,Girth Weld,,,,2007
9471.61,,Girth Weld,,,,2007
9473.05,05:15:00,metal loss,10.0,0.71,0.59,2007
9492.12,,Girth Weld,,,,2007
9532.22,,Girth Weld,,,,2007
9572.29,,Girth Weld,,,,2007
9612.32,,Girth Weld,,,,2007
9652.34,,Girth Weld,,,,2007
9688.93,,Girth Weld,,,,2007
9728.98,,Girth Weld,,,,2007
9768.99,,Girth Weld,,,,2007
9773.11,,Bend,,,,2007
9777.36,,Girth Weld,,,,2007
9792.35,,Girth Weld,,,,2007
9832.35,,Girth Weld,,,,2007
9869.99,,Girth Weld,,,,2007
9910.0,,Girth Weld,,,,2007
9949.99,,Girth Weld,,,,2007
9989.97,,Girth Weld,,,,2007
10029.99,,Girth Weld,,,,2007
10070.24,,Girth Weld,,,,2007
10110.48,,Girth Weld,,,,2007
10123.92,,Girth Weld,,,,2007
10163.9,,Girth Weld,,,,2007
10202.72,07:11:00,Cluster,13.0,2.65,3.81,2007
10203.94,,Girth Weld,,,,2007
10243.98,,Girth Weld,,,,2007
10284.03,,Girth Weld,,,,2007
10324.04,,Girth Weld,,,,2007
10364.04,,Girth Weld,,,,2007
10384.56,,Girth Weld,,,,2007
10392.93,08:22:00,metal loss-manufacturing anomaly,17.0,3.66,0.71,2007
10404.26,02:23:00,metal loss-manufacturing anomaly,17.0,3.58,0.63,2007
10424.46,,Girth Weld,,,,2007
10431.4,,Above Ground Marker,,,,2007
10464.47,,Girth Weld,,,,2007
10504.41,,Girth Weld,,,,2007
10505.17,05:10:00,Cluster,10.0,4.09,13.28,2007
10544.42,,Girth Weld,,,,2007
10574.38,04:21:00,Cluster,21.0,6.8,5.8,2007
10575.13,04:19:00,Cluster,17.0,6.35,2.87,2007
10577.51,06:20:00,Cluster,12.0,2.87,1.43,2007
10583.42,06:27:00,Cluster,19.0,2.99,2.91,2007
10583.57,03:53:00,metal loss,26.0,1.06,2.28,2007
10584.42,,Girth Weld,,,,2007
10618.52,12:00:00,Tap,,,,2007
10620.51,12:00:00,Tap,,,,2007
10624.41,,Girth Weld,,,,2007
10664.32,,Girth Weld,,,,2007
10704.25,,Girth Weld,,,,2007
10742.98,,Girth Weld,,,,2007
10743.51,05:18:00,Cluster,23.0,2.6,2.39,2007
10762.72,,Girth Weld,,,,2007
10802.85,,Girth Weld,,,,2007
10842.83,,Girth Weld,,,,2007
10882.82,,Girth Weld,,,,2007
10922.74,,Girth Weld,,,,2007
10962.69,,Girth Weld,,,,2007
11002.66,,Girth Weld,,,,2007
11042.63,,Girth Weld,,,,2007
11046.93,03:25:00,metal loss-manufacturing anomaly,12.0,0.63,0.75,2007
11082.6,,Girth Weld,,,,2007
11122.54,,Girth Weld,,,,2007
11162.41,,Girth Weld,,,,2007
11202.37,,Girth Weld,,,,2007
11242.31,,Girth Weld,,,,2007
11282.22,,Girth Weld,,,,2007
11322.21,,Girth Weld,,,,2007
11362.19,,Girth Weld,,,,2007
11402.14,,Girth Weld,,,,2007
11442.11,,Girth Weld,,,,2007
11482.02,,Girth Weld,,,,2007
11521.94,,Girth Weld,,,,2007
11561.92,,Girth Weld,,,,2007
11601.23,,Girth Weld,,,,2007
11641.02,,Girth Weld,,,,2007
11680.96,,Girth Weld,,,,2007
11720.88,,Girth Weld,,,,2007
11760.82,,Girth Weld,,,,2007
11800.88,,Girth Weld,,,,2007
11840.74,,Girth Weld,,,,2007
11880.7,,Girth Weld,,,,2007
11920.74,,Girth Weld,,,,2007
11960.71,,Girth Weld,,,,2007
12000.69,,Girth Weld,,,,2007
12040.63,,Girth Weld,,,,2007
12080.55,,Girth Weld,,,,2007
12120.5,,Girth Weld,,,,2007
12160.45,,Girth Weld,,,,2007
12180.29,10:32:00,metal loss-manufacturing anomaly,13.0,3.78,1.46,2007
12200.4,,Girth Weld,,,,2007
12240.32,,Girth Weld,,,,2007
12280.29,,Girth Weld,,,,2007
12320.26,,Girth Weld,,,,2007
12360.22,,Girth Weld,,,,2007
12381.12,05:02:00,metal loss-manufacturing anomaly,20.0,3.66,2.68,2007
12393.72,,Girth Weld,,,,2007
12433.63,,Girth Weld,,,,2007
12473.56,,Girth Weld,,,,2007
12513.51,,Girth Weld,,,,2007
12553.39,,Girth Weld,,,,2007
12581.14,,Girth Weld,,,,2007
12621.19,,Girth Weld,,,,2007
12627.69,,Bend,,,,2007
12634.45,,Girth Weld,,,,2007
12663.2,,Girth Weld,,,,2007
12703.06,,Girth Weld,,,,2007
12742.98,,Girth Weld,,,,2007
12782.96,,Girth Weld,,,,2007
12822.92,,Girth Weld,,,,2007
12862.87,,Girth Weld,,,,2007
12902.81,,Girth Weld,,,,2007
12942.84,,Girth Weld,,,,2007
12982.69,,Girth Weld,,,,2007
13018.42,,Girth Weld,,,,2007
13058.31,,Girth Weld,,,,2007
13098.3,,Girth Weld,,,,2007
13138.29,,Girth Weld,,,,2007
13138.89,04:05:00,metal loss,33.0,5.51,0.63,2007
13138.9,04:35:00,Cluster,34.0,8.47,25.13,2007
13139.11,03:15:00,metal loss,11.0,0.98,1.77,2007
13178.28,,Girth Weld,,,,2007
13218.22,,Girth Weld,,,,2007
13258.21,,Girth Weld,,,,2007
13298.08,,Girth Weld,,,,2007
13338.04,,Girth Weld,,,,2007
13378.0,,Girth Weld,,,,2007
13385.85,,Bend,,,,2007
13393.08,,Girth Weld,,,,2007
13393.85,11:48:00,Cluster,14.0,2.52,8.15,2007
13433.1,,Girth Weld,,,,2007
13473.1,,Girth Weld,,,,2007
13513.06,,Girth Weld,,,,2007
13553.08,,Girth Weld,,,,2007
13593.14,,Girth Weld,,,,2007
13630.69,,Girth Weld,,,,2007
13669.57,,Girth Weld,,,,2007
13709.48,,Girth Weld,,,,2007
13733.76,,Girth Weld,,,,2007
13773.69,,Girth Weld,,,,2007
13813.67,,Girth Weld,,,,2007
13836.19,10:39:00,metal loss-manufacturing anomaly,14.0,0.83,0.87,2007
13853.66,,Girth Weld,,,,2007
13893.67,,Girth Weld,,,,2007
13933.62,,Girth Weld,,,,2007
13944.89,,Girth Weld,,,,2007
13984.76,,Girth Weld,,,,2007
14011.82,,Girth Weld,,,,2007
14019.21,,Bend,,,,2007
14026.52,,Girth Weld,,,,2007
14039.38,,Girth Weld,,,,2007
14079.39,,Girth Weld,,,,2007
14119.36,,Girth Weld,,,,2007
14159.41,,Girth Weld,,,,2007
14166.84,,Bend,,,,2007
14174.14,,Girth Weld,,,,2007
14196.75,,Girth Weld,,,,2007
14236.85,,Girth Weld,,,,2007
14277.08,,Girth Weld,,,,2007
14317.04,,Girth Weld,,,,2007
14356.99,,Girth Weld,,,,2007
14397.0,,Girth Weld,,,,2007
14437.0,,Girth Weld,,,,2007
14477.02,,Girth Weld,,,,2007
14516.97,,Girth Weld,,,,2007
14557.02,,Girth Weld,,,,2007
14597.01,,Girth Weld,,,,2007
14637.01,,Girth Weld,,,,2007
14677.04,,Girth Weld,,,,2007
14683.91,,Girth Weld,,,,2007
14721.78,,Girth Weld,,,,2007
14751.47,,Girth Weld,,,,2007
14757.51,,Girth Weld,,,,2007
14797.06,,Girth Weld,,,,2007
14837.09,,Girth Weld,,,,2007
14877.13,,Girth Weld,,,,2007
14883.11,,Girth Weld,,,,2007
14902.3,,Girth Weld,,,,2007
14928.01,01:11:00,metal loss,26.0,0.91,0.94,2007
14928.2,01:07:00,Cluster,10.0,1.57,3.31,2007
14942.17,,Girth Weld,,,,2007
14943.65,06:08:00,Cluster,14.0,3.23,2.16,2007
14944.39,05:00:00,Cluster,13.0,4.16,3.35,2007
14944.44,06:48:00,Cluster,14.0,7.08,6.14,2007
14945.17,,Area Start Installation,,,,2007
14945.2,04:46:00,Cluster,10.0,8.15,6.03,2007
14946.03,03:00:00,Tap,,,,2007
14947.44,,Valve,,,,2007
14948.96,04:44:00,Cluster,14.0,5.27,8.84,2007
14949.71,,Area End Installation,,,,2007
14950.79,05:04:00,Cluster,15.0,3.43,3.5,2007
14951.13,03:51:00,Cluster,25.0,6.48,10.52,2007
14952.69,,Girth Weld,,,,2007
14952.76,05:46:00,metal loss,31.0,0.98,4.09,2007
14965.88,,Girth Weld,,,,2007
15005.81,,Girth Weld,,,,2007
15034.27,08:57:00,metal loss,11.0,0.71,0.67,2007
15036.01,08:37:00,Cluster,13.0,3.04,3.31,2007
15045.75,,Girth Weld,,,,2007
15054.15,05:18:00,Cluster,15.0,5.14,5.32,2007
15066.49,03:09:00,metal loss,12.0,1.1,1.02,2007
15072.99,08:29:00,metal loss,14.0,0.75,0.59,2007
15074.18,09:28:00,metal loss,18.0,0.71,0.71,2007
15075.24,09:16:00,Cluster,29.0,4.66,2.95,2007
15075.83,09:38:00,metal loss,22.0,0.71,0.71,2007
15078.28,09:17:00,metal loss,11.0,0.71,0.79,2007
15078.58,09:18:00,Cluster,25.0,3.47,1.28,2007
15084.72,03:44:00,Cluster,18.0,1.81,6.3,2007
15085.66,,Girth Weld,,,,2007
15086.39,03:12:00,Cluster,19.0,4.32,10.74,2007
15125.56,,Girth Weld,,,,2007
15165.45,,Girth Weld,,,,2007
15205.28,,Girth Weld,,,,2007
15244.57,,Girth Weld,,,,2007
15255.45,,Girth Weld,,,,2007
15265.43,,Girth Weld,,,,2007
15270.01,,Bend,,,,2007
15274.9,,Girth Weld,,,,2007
15275.68,04:48:00,metal loss,10.0,2.09,0.71,2007
15291.49,,Girth Weld,,,,2007
15295.9,,Bend,,,,2007
15300.06,,Girth Weld,,,,2007
15320.52,,Girth Weld,,,,2007
15326.71,,Bend,,,,2007
15332.91,,Girth Weld,,,,2007
15345.69,04:20:00,metal loss,24.0,2.05,6.02,2007
15345.9,,Girth Weld,,,,2007
15350.31,,Bend,,,,2007
15354.94,,Girth Weld,,,,2007
15357.47,05:03:00,metal loss,16.0,1.1,1.18,2007
15366.89,,Girth Weld,,,,2007
15406.87,,Area Start Installation,,,,2007
15412.8,,Valve,,,,2007
15418.18,,Area End Installation,,,,2007
15433.66,09:43:00,metal loss-manufacturing anomaly,20.0,0.51,0.71,2007
15443.34,,Girth Weld,,,,2007
15483.48,,Girth Weld,,,,2007
15523.62,,Girth Weld,,,,2007
15563.57,,Girth Weld,,,,2007
15564.27,04:49:00,Cluster,24.0,2.72,2.28,2007
15603.59,,Girth Weld,,,,2007
15643.63,,Girth Weld,,,,2007
15683.66,,Girth Weld,,,,2007
15720.98,,Above Ground Marker,,,,2007
15723.64,,Girth Weld,,,,2007
15763.51,,Girth Weld,,,,2007
15803.52,,Girth Weld,,,,2007
15838.3,,Girth Weld,,,,2007
15878.27,,Girth Weld,,,,2007
15918.28,,Girth Weld,,,,2007
15957.99,03:57:00,metal loss,10.0,0.75,0.83,2007
15958.36,,Girth Weld,,,,2007
15998.39,,Girth Weld,,,,2007
16000.75,07:30:00,metal loss-manufacturing anomaly,16.0,0.71,0.59,2007
16017.19,07:29:00,metal loss-manufacturing anomaly,10.0,0.79,0.71,2007
16038.27,,Girth Weld,,,,2007
16077.27,,Girth Weld,,,,2007
16117.25,,Girth Weld,,,,2007
16157.19,,Girth Weld,,,,2007
16197.17,,Girth Weld,,,,2007
16237.12,,Girth Weld,,,,2007
16277.12,,Girth Weld,,,,2007
16317.11,,Girth Weld,,,,2007
16357.03,,Girth Weld,,,,2007
16397.04,,Girth Weld,,,,2007
16436.07,04:55:00,metal loss,10.0,0.94,0.67,2007
16436.94,,Girth Weld,,,,2007
16476.79,,Girth Weld,,,,2007
16509.36,04:54:00,Cluster,35.0,4.56,11.58,2007
16509.87,06:37:00,metal loss,10.0,1.81,2.09,2007
16515.7,06:39:00,Cluster,20.0,3.48,16.19,2007
16516.74,,Girth Weld,,,,2007
16556.75,,Girth Weld,,,,2007
16595.76,08:17:00,metal loss,14.0,2.84,0.71,2007
16596.74,,Girth Weld,,,,2007
16597.57,06:29:00,metal loss,12.0,1.61,0.79,2007
16597.57,04:50:00,metal loss,10.0,1.69,8.19,2007
16636.75,,Girth Weld,,,,2007
16676.68,,Girth Weld,,,,2007
16677.37,02:26:00,Cluster,18.0,4.88,24.86,2007
16716.67,,Girth Weld,,,,2007
16756.66,,Girth Weld,,,,2007
16756.69,03:15:00,Cluster,12.0,4.25,3.86,2007
16796.65,,Girth Weld,,,,2007
16836.6,,Girth Weld,,,,2007
16876.6,,Girth Weld,,,,2007
16916.54,,Girth Weld,,,,2007
16956.5,,Girth Weld,,,,2007
16996.43,,Girth Weld,,,,2007
17036.34,,Girth Weld,,,,2007
17076.33,,Girth Weld,,,,2007
17116.51,,Girth Weld,,,,2007
17156.73,,Girth Weld,,,,2007
17168.55,,Girth Weld,,,,2007
17208.55,,Girth Weld,,,,2007
17248.47,,Girth Weld,,,,2007
17288.47,,Girth Weld,,,,2007
17328.45,,Girth Weld,,,,2007
17368.47,,Girth Weld,,,,2007
17408.48,,Girth Weld,,,,2007
17448.47,,Girth Weld,,,,2007
17488.39,,Girth Weld,,,,2007
17528.3,,Girth Weld,,,,2007
17533.11,,Bend,,,,2007
17538.17,,Girth Weld,,,,2007
17563.11,,Girth Weld,,,,2007
17594.37,,Girth Weld,,,,2007
17634.32,,Girth Weld,,,,2007
17674.36,,Girth Weld,,,,2007
17714.28,,Girth Weld,,,,2007
17754.25,,Girth Weld,,,,2007
17794.26,,Girth Weld,,,,2007
17834.32,,Girth Weld,,,,2007
17865.98,,Girth Weld,,,,2007
17906.01,,Girth Weld,,,,2007
17945.98,,Girth Weld,,,,2007
17986.04,,Girth Weld,,,,2007
18017.29,,Girth Weld,,,,2007
18057.24,,Girth Weld,,,,2007
18097.15,,Girth Weld,,,,2007
18137.09,,Girth Weld,,,,2007
18175.87,04:24:00,Cluster,20.0,4.97,6.79,2007
18175.91,06:45:00,metal loss,18.0,0.87,0.59,2007
18175.92,05:58:00,metal loss,23.0,0.87,0.87,2007
18176.97,,Girth Weld,,,,2007
18185.18,,Girth Weld,,,,2007
18186.01,06:02:00,metal loss,14.0,1.1,3.42,2007
18225.2,,Girth Weld,,,,2007
18265.17,,Girth Weld,,,,2007
18305.11,,Girth Weld,,,,2007
18344.97,,Girth Weld,,,,2007
18385.01,,Girth Weld,,,,2007
18425.12,,Girth Weld,,,,2007
18465.18,,Girth Weld,,,,2007
18499.75,,Girth Weld,,,,2007
18539.81,,Girth Weld,,,,2007
18579.7,,Girth Weld,,,,2007
18619.65,,Girth Weld,,,,2007
18659.65,,Girth Weld,,,,2007
18699.62,,Girth Weld,,,,2007
18739.64,,Girth Weld,,,,2007
18779.65,,Girth Weld,,,,2007
18814.52,07:23:00,Cluster,67.0,1.88,3.5,2007
18814.76,,Girth Weld,,,,2007
18820.48,,Bend,,,,2007
18826.74,,Girth Weld,,,,2007
18866.81,,Girth Weld,,,,2007
18906.55,,Girth Weld,,,,2007
18911.82,12:00:00,Tap,,,,2007
18946.6,,Girth Weld,,,,2007
18976.77,,Girth Weld,,,,2007
19016.74,,Girth Weld,,,,2007
19056.8,,Girth Weld,,,,2007
19096.84,,Girth Weld,,,,2007
19136.92,,Girth Weld,,,,2007
19176.92,,Girth Weld,,,,2007
19216.29,,Girth Weld,,,,2007
19256.28,,Girth Weld,,,,2007
19295.4,05:17:00,metal loss,12.0,1.02,2.99,2007
19296.27,,Girth Weld,,,,2007
19336.24,,Girth Weld,,,,2007
19376.22,,Girth Weld,,,,2007
19416.24,,Girth Weld,,,,2007
19456.24,,Girth Weld,,,,2007
19496.24,,Girth Weld,,,,2007
19536.21,,Girth Weld,,,,2007
19576.22,,Girth Weld,,,,2007
19616.26,,Girth Weld,,,,2007
19656.25,,Girth Weld,,,,2007
19696.24,,Girth Weld,,,,2007
19736.25,,Girth Weld,,,,2007
19776.25,,Girth Weld,,,,2007
19816.29,,Girth Weld,,,,2007
19856.34,,Girth Weld,,,,2007
19896.39,,Girth Weld,,,,2007
19910.87,06:40:00,metal loss,10.0,0.59,0.71,2007
19936.33,,Girth Weld,,,,2007
19976.3,,Girth Weld,,,,2007
20016.26,,Girth Weld,,,,2007
20016.6,04:06:00,metal loss,10.0,0.71,0.67,2007
20056.21,,Girth Weld,,,,2007
20096.22,,Girth Weld,,,,2007
20136.18,,Girth Weld,,,,2007
20176.2,,Girth Weld,,,,2007
20216.19,,Girth Weld,,,,2007
20256.17,,Girth Weld,,,,2007
20296.17,,Girth Weld,,,,2007
20335.14,06:36:00,Cluster,21.0,3.59,5.01,2007
20335.33,07:17:00,metal loss,11.0,1.18,1.89,2007
20336.18,,Girth Weld,,,,2007
20376.2,,Girth Weld,,,,2007
20413.71,05:47:00,metal loss,11.0,1.81,2.87,2007
20414.83,,Girth Weld,,,,2007
20454.83,,Girth Weld,,,,2007
20494.81,,Girth Weld,,,,2007
20534.85,,Girth Weld,,,,2007
20574.89,,Girth Weld,,,,2007
20614.9,,Girth Weld,,,,2007
20654.94,,Girth Weld,,,,2007
20694.99,,Girth Weld,,,,2007
20735.06,,Girth Weld,,,,2007
20775.1,,Girth Weld,,,,2007
20815.25,,Girth Weld,,,,2007
20826.95,,Girth Weld,,,,2007
20867.05,,Girth Weld,,,,2007
20907.06,,Girth Weld,,,,2007
20940.5,,Girth Weld,,,,2007
20980.59,,Girth Weld,,,,2007
21019.81,05:07:00,Cluster,25.0,1.85,8.88,2007
21020.73,,Girth Weld,,,,2007
21041.66,,Girth Weld,,,,2007
21081.9,,Girth Weld,,,,2007
21121.85,,Girth Weld,,,,2007
21161.9,,Girth Weld,,,,2007
21201.92,,Girth Weld,,,,2007
21223.76,,Above Ground Marker,,,,2007
21241.88,,Girth Weld,,,,2007
21281.87,,Girth Weld,,,,2007
21282.56,03:53:00,Cluster,28.0,4.84,8.11,2007
21282.57,08:23:00,metal loss,11.0,1.65,2.28,2007
21282.59,09:10:00,metal loss,14.0,1.3,2.05,2007
21282.59,07:18:00,metal loss,17.0,1.65,4.21,2007
21304.48,03:09:00,metal loss-manufacturing anomaly,14.0,0.59,0.59,2007
21307.63,06:21:00,Cluster,39.0,7.13,2.98,2007
21321.81,,Girth Weld,,,,2007
21341.79,05:43:00,metal loss,11.0,3.54,6.1,2007
21353.03,04:43:00,Cluster,23.0,4.99,17.47,2007
21355.45,04:01:00,Cluster,19.0,3.02,6.45,2007
21360.9,07:22:00,metal loss,26.0,1.5,7.17,2007
21361.81,,Girth Weld,,,,2007
21362.42,07:11:00,Cluster,28.0,3.66,14.43,2007
21362.49,05:02:00,Cluster,32.0,4.5,9.68,2007
21362.53,04:23:00,metal loss,40.0,3.27,0.63,2007
21362.56,03:26:00,metal loss,20.0,0.83,1.89,2007
21362.58,10:47:00,metal loss,13.0,1.3,1.42,2007
21401.83,,Girth Weld,,,,2007
21438.79,05:28:00,Cluster,64.0,7.79,19.23,2007
21441.85,,Girth Weld,,,,2007
21481.83,,Girth Weld,,,,2007
21521.84,,Girth Weld,,,,2007
21561.79,,Girth Weld,,,,2007
21601.74,,Girth Weld,,,,2007
21641.77,,Girth Weld,,,,2007
21680.42,05:27:00,metal loss,15.0,0.75,1.3,2007
21681.38,06:40:00,metal loss,10.0,2.24,1.3,2007
21681.65,,Girth Weld,,,,2007
21714.46,,Girth Weld,,,,2007
21724.19,,Girth Weld,,,,2007
21764.17,,Girth Weld,,,,2007
21804.3,,Girth Weld,,,,2007
21815.32,06:57:00,metal loss,10.0,0.91,0.87,2007
21844.46,,Girth Weld,,,,2007
21845.23,07:22:00,Cluster,10.0,1.36,4.92,2007
21845.28,03:55:00,metal loss,11.0,1.53,6.34,2007
21884.47,,Girth Weld,,,,2007
21924.4,,Girth Weld,,,,2007
21964.43,,Girth Weld,,,,2007
22004.41,,Girth Weld,,,,2007
22044.44,,Girth Weld,,,,2007
22083.48,04:39:00,Cluster,48.0,2.83,11.63,2007
22083.5,06:58:00,Cluster,16.0,2.48,11.02,2007
22084.44,,Girth Weld,,,,2007
22124.41,,Girth Weld,,,,2007
22164.49,,Girth Weld,,,,2007
22204.4,,Girth Weld,,,,2007
22244.37,,Girth Weld,,,,2007
22284.33,,Girth Weld,,,,2007
22324.29,,Girth Weld,,,,2007
22364.31,,Girth Weld,,,,2007
22404.31,,Girth Weld,,,,2007
22444.29,,Girth Weld,,,,2007
22483.34,06:55:00,metal loss,10.0,2.6,0.71,2007
22484.3,,Girth Weld,,,,2007
22485.22,12:26:00,metal loss-manufacturing anomaly,11.0,3.39,0.71,2007
22524.14,,Girth Weld,,,,2007
22564.11,,Girth Weld,,,,2007
22581.09,,Girth Weld,,,,2007
22621.13,,Girth Weld,,,,2007
22651.75,02:52:00,metal loss-manufacturing anomaly,13.0,0.83,0.55,2007
22661.2,,Girth Weld,,,,2007
22701.2,,Girth Weld,,,,2007
22741.13,,Girth Weld,,,,2007
22781.06,,Girth Weld,,,,2007
22781.94,05:45:00,Cluster,18.0,3.26,5.59,2007
22821.08,,Girth Weld,,,,2007
22861.04,,Girth Weld,,,,2007
22901.01,,Girth Weld,,,,2007
22940.89,,Girth Weld,,,,2007
22941.65,05:59:00,Cluster,15.0,3.23,7.6,2007
22980.98,,Girth Weld,,,,2007
23021.18,,Girth Weld,,,,2007
23022.0,05:20:00,metal loss,14.0,1.06,0.94,2007
23029.38,07:20:00,metal loss-manufacturing anomaly,12.0,0.47,0.71,2007
23032.33,03:33:00,metal loss-manufacturing anomaly,10.0,0.63,0.71,2007
23061.26,,Girth Weld,,,,2007
23101.33,,Girth Weld,,,,2007
23141.28,,Girth Weld,,,,2007
23161.46,01:50:00,metal loss-manufacturing anomaly,10.0,3.35,1.22,2007
23162.08,01:40:00,metal loss-manufacturing anomaly,25.0,5.2,0.71,2007
23181.26,,Girth Weld,,,,2007
23208.74,,Girth Weld,,,,2007
23248.63,,Girth Weld,,,,2007
23288.52,,Girth Weld,,,,2007
23328.55,,Girth Weld,,,,2007
23368.55,,Girth Weld,,,,2007
23408.38,,Girth Weld,,,,2007
23448.24,,Girth Weld,,,,2007
23488.04,,Girth Weld,,,,2007
23527.97,,Girth Weld,,,,2007
23567.92,,Girth Weld,,,,2007
23607.66,,Girth Weld,,,,2007
23608.37,02:39:00,Cluster,15.0,2.78,17.2,2007
23635.74,12:17:00,Cluster,23.0,5.95,8.4,2007
23644.93,08:36:00,metal loss-manufacturing anomaly,10.0,0.51,0.71,2007
23647.6,,Girth Weld,,,,2007
23674.28,03:05:00,Cluster,29.0,2.45,28.97,2007
23674.29,08:03:00,metal loss,14.0,2.09,1.3,2007
23674.34,08:54:00,Cluster,16.0,1.39,6.24,2007
23675.24,,Girth Weld,,,,2007
23675.98,05:09:00,metal loss,26.0,0.98,1.14,2007
23715.17,,Girth Weld,,,,2007
23754.1,05:28:00,Cluster,38.0,3.04,10.01,2007
23755.11,,Girth Weld,,,,2007
23795.1,,Girth Weld,,,,2007
23835.06,,Girth Weld,,,,2007
23874.99,,Girth Weld,,,,2007
23914.94,,Girth Weld,,,,2007
23954.87,,Girth Weld,,,,2007
23994.87,,Girth Weld,,,,2007
24034.85,,Girth Weld,,,,2007
24074.78,,Girth Weld,,,,2007
24111.18,,Girth Weld,,,,2007
24151.09,,Girth Weld,,,,2007
24191.04,,Girth Weld,,,,2007
24230.92,,Girth Weld,,,,2007
24270.89,,Girth Weld,,,,2007
24310.81,,Girth Weld,,,,2007
24350.73,,Girth Weld,,,,2007
24390.66,,Girth Weld,,,,2007
24430.78,,Girth Weld,,,,2007
24470.73,,Girth Weld,,,,2007
24510.63,,Girth Weld,,,,2007
24550.57,,Girth Weld,,,,2007
24578.58,,Girth Weld,,,,2007
24618.61,,Girth Weld,,,,2007
24658.46,,Girth Weld,,,,2007
24662.22,08:55:00,metal loss-manufacturing anomaly,13.0,3.78,2.01,2007
24698.25,,Girth Weld,,,,2007
24738.2,,Girth Weld,,,,2007
24778.37,,Girth Weld,,,,2007
24818.35,,Girth Weld,,,,2007
24858.08,,Girth Weld,,,,2007
24898.02,,Girth Weld,,,,2007
24937.92,,Girth Weld,,,,2007
24977.75,,Girth Weld,,,,2007
25017.72,,Girth Weld,,,,2007
25050.48,,Girth Weld,,,,2007
25090.57,,Girth Weld,,,,2007
25130.73,,Girth Weld,,,,2007
25170.81,,Girth Weld,,,,2007
25210.76,,Girth Weld,,,,2007
25249.8,05:52:00,Cluster,14.0,1.14,5.8,2007
25250.69,,Girth Weld,,,,2007
25290.57,,Girth Weld,,,,2007
25330.46,,Girth Weld,,,,2007
25370.46,,Girth Weld,,,,2007
25410.34,,Girth Weld,,,,2007
25450.34,,Girth Weld,,,,2007
25490.32,,Girth Weld,,,,2007
25510.19,,Girth Weld,,,,2007
25550.17,,Girth Weld,,,,2007
25564.05,,Girth Weld,,,,2007
25603.78,,Girth Weld,,,,2007
25631.45,,Girth Weld,,,,2007
25671.38,,Girth Weld,,,,2007
25708.94,,Girth Weld,,,,2007
25748.88,,Girth Weld,,,,2007
25778.46,,Girth Weld,,,,2007
25788.01,,Girth Weld,,,,2007
25828.0,,Girth Weld,,,,2007
25832.46,,Bend,,,,2007
25837.35,,Girth Weld,,,,2007
25875.11,02:14:00,metal loss-manufacturing anomaly,12.0,0.55,0.71,2007
25877.31,,Girth Weld,,,,2007
25917.26,,Girth Weld,,,,2007
25957.2,,Girth Weld,,,,2007
25997.02,,Girth Weld,,,,2007
26037.01,,Girth Weld,,,,2007
26043.94,,Above Ground Marker,,,,2007
26077.03,,Girth Weld,,,,2007
26080.87,12:05:00,metal loss-manufacturing anomaly,10.0,0.67,0.59,2007
26097.05,,Girth Weld,,,,2007
26137.04,,Girth Weld,,,,2007
26177.05,,Girth Weld,,,,2007
26216.99,,Girth Weld,,,,2007
26256.99,,Girth Weld,,,,2007
26296.99,,Girth Weld,,,,2007
26336.95,,Girth Weld,,,,2007
26376.92,,Girth Weld,,,,2007
26416.04,03:32:00,metal loss-manufacturing anomaly,21.0,3.62,0.59,2007
26416.94,,Girth Weld,,,,2007
26456.95,,Girth Weld,,,,2007
26496.81,,Girth Weld,,,,2007
26536.78,,Girth Weld,,,,2007
26576.78,,Girth Weld,,,,2007
26616.82,,Girth Weld,,,,2007
26656.83,,Girth Weld,,,,2007
26696.75,,Girth Weld,,,,2007
26736.75,,Girth Weld,,,,2007
26776.78,,Girth Weld,,,,2007
26789.1,,Girth Weld,,,,2007
26828.99,,Girth Weld,,,,2007
26867.58,07:27:00,metal loss,15.0,1.38,1.5,2007
26867.91,07:48:00,metal loss,14.0,1.58,2.01,2007
26867.93,04:23:00,Cluster,31.0,1.33,11.88,2007
26868.17,06:05:00,Cluster,22.0,2.58,2.83,2007
26868.81,,Girth Weld,,,,2007
26891.58,,Girth Weld,,,,2007
26930.57,02:11:00,Cluster,12.0,3.12,4.82,2007
26931.62,,Girth Weld,,,,2007
26938.74,,Bend,,,,2007
26945.55,,Girth Weld,,,,2007
26946.29,12:24:00,metal loss,25.0,2.68,0.71,2007
26975.39,,Girth Weld,,,,2007
27006.9,,Girth Weld,,,,2007
27046.71,,Girth Weld,,,,2007
27086.56,,Girth Weld,,,,2007
27126.46,,Girth Weld,,,,2007
27166.44,,Girth Weld,,,,2007
27206.48,,Girth Weld,,,,2007
27246.47,,Girth Weld,,,,2007
27275.76,,Girth Weld,,,,2007
27315.75,,Girth Weld,,,,2007
27316.61,05:54:00,metal loss-manufacturing anomaly,16.0,0.91,0.83,2007
27355.73,,Girth Weld,,,,2007
27395.71,,Girth Weld,,,,2007
27435.72,,Girth Weld,,,,2007
27475.73,,Girth Weld,,,,2007
27515.78,,Girth Weld,,,,2007
27555.75,,Girth Weld,,,,2007
27579.43,01:21:00,metal loss-manufacturing anomaly,12.0,5.24,1.38,2007
27581.21,01:09:00,metal loss-manufacturing anomaly,24.0,3.9,0.87,2007
27582.11,01:04:00,metal loss-manufacturing anomaly,21.0,3.42,0.75,2007
27582.56,01:01:00,metal loss-manufacturing anomaly,11.0,3.46,2.17,2007
27582.88,01:15:00,metal loss-manufacturing anomaly,21.0,3.39,0.75,2007
27595.72,,Girth Weld,,,,2007
27635.77,,Girth Weld,,,,2007
27675.83,,Girth Weld,,,,2007
27715.9,,Girth Weld,,,,2007
27755.88,,Girth Weld,,,,2007
27796.02,,Girth Weld,,,,2007
27836.05,,Girth Weld,,,,2007
27875.93,,Girth Weld,,,,2007
27892.3,08:17:00,metal loss-manufacturing anomaly,10.0,3.23,1.06,2007
27915.84,,Girth Weld,,,,2007
27944.8,10:04:00,metal loss-manufacturing anomaly,20.0,1.06,1.18,2007
27955.58,,Girth Weld,,,,2007
27962.1,,Bend,,,,2007
27968.75,,Girth Weld,,,,2007
28008.71,,Girth Weld,,,,2007
28027.51,07:02:00,metal loss-manufacturing anomaly,10.0,0.43,0.71,2007
28048.69,,Girth Weld,,,,2007
28069.22,,Girth Weld,,,,2007
28109.2,,Girth Weld,,,,2007
28149.12,,Girth Weld,,,,2007
28189.11,,Girth Weld,,,,2007
28207.03,10:31:00,metal loss-manufacturing anomaly,17.0,4.33,1.42,2007
28221.69,,Girth Weld,,,,2007
28261.77,,Girth Weld,,,,2007
28294.62,,Girth Weld,,,,2007
28334.54,,Girth Weld,,,,2007
28374.6,,Girth Weld,,,,2007
28414.51,,Girth Weld,,,,2007
28454.42,,Girth Weld,,,,2007
28494.39,,Girth Weld,,,,2007
28534.33,,Girth Weld,,,,2007
28574.28,,Girth Weld,,,,2007
28614.29,,Girth Weld,,,,2007
28654.26,,Girth Weld,,,,2007
28694.11,,Girth Weld,,,,2007
28734.1,,Girth Weld,,,,2007
28774.1,,Girth Weld,,,,2007
28783.01,04:47:00,metal loss-manufacturing anomaly,13.0,6.3,1.89,2007
28814.06,,Girth Weld,,,,2007
28814.67,04:06:00,Cluster,30.0,4.73,21.05,2007
28854.07,,Girth Weld,,,,2007
28894.11,,Girth Weld,,,,2007
28934.19,,Girth Weld,,,,2007
28974.12,,Girth Weld,,,,2007
29014.13,,Girth Weld,,,,2007
29052.98,03:20:00,Cluster,42.0,5.77,42.81,2007
29054.14,,Girth Weld,,,,2007
29087.49,,Girth Weld,,,,2007
29127.5,,Girth Weld,,,,2007
29128.12,03:54:00,Cluster,38.0,3.5,20.36,2007
29146.54,05:29:00,Cluster,35.0,8.46,10.87,2007
29167.5,,Girth Weld,,,,2007
29206.49,07:27:00,metal loss,38.0,2.09,9.8,2007
29206.54,03:42:00,metal loss,17.0,1.18,5.95,2007
29206.61,05:14:00,Cluster,32.0,4.13,10.41,2007
29207.41,,Girth Weld,,,,2007
29207.99,04:48:00,Cluster,21.0,6.46,3.65,2007
29208.08,06:29:00,Cluster,11.0,4.93,6.08,2007
29208.13,05:52:00,metal loss,36.0,4.41,1.18,2007
29247.39,,Girth Weld,,,,2007
29287.37,,Girth Weld,,,,2007
29327.44,,Girth Weld,,,,2007
29367.58,,Girth Weld,,,,2007
29407.68,,Girth Weld,,,,2007
29410.95,05:40:00,metal loss,13.0,1.38,1.06,2007
29414.83,05:57:00,Cluster,11.0,4.56,6.12,2007
29417.63,05:18:00,Cluster,22.0,6.3,3.35,2007
29419.53,05:17:00,Cluster,22.0,4.18,2.91,2007
29446.91,04:57:00,metal loss,15.0,0.91,1.22,2007
29446.92,08:22:00,metal loss,42.0,1.02,3.86,2007
29447.78,,Girth Weld,,,,2007
29452.86,06:28:00,metal loss-manufacturing anomaly,15.0,0.55,0.71,2007
29487.75,,Girth Weld,,,,2007
29527.76,,Girth Weld,,,,2007
29567.76,,Girth Weld,,,,2007
29607.7,,Girth Weld,,,,2007
29645.29,,Girth Weld,,,,2007
29685.45,,Girth Weld,,,,2007
29691.51,,Bend,,,,2007
29697.75,,Girth Weld,,,,2007
29737.85,,Girth Weld,,,,2007
29757.91,,Girth Weld,,,,2007
29792.18,,Girth Weld,,,,2007
29832.21,,Girth Weld,,,,2007
29872.18,,Girth Weld,,,,2007
29912.2,,Girth Weld,,,,2007
29952.18,,Girth Weld,,,,2007
29992.14,,Girth Weld,,,,2007
30032.16,,Girth Weld,,,,2007
30072.15,,Girth Weld,,,,2007
30112.18,,Girth Weld,,,,2007
30151.99,,Girth Weld,,,,2007
30192.0,,Girth Weld,,,,2007
30231.91,,Girth Weld,,,,2007
30262.24,06:20:00,metal loss,10.0,1.26,1.65,2007
30264.0,04:47:00,metal loss,10.0,1.06,1.14,2007
30271.83,,Girth Weld,,,,2007
30311.61,,Girth Weld,,,,2007
30351.5,,Girth Weld,,,,2007
30391.46,,Girth Weld,,,,2007
30431.48,,Girth Weld,,,,2007
30471.4,,Girth Weld,,,,2007
30471.96,06:06:00,Cluster,17.0,4.76,11.46,2007
30511.36,,Girth Weld,,,,2007
30551.28,,Girth Weld,,,,2007
30570.99,11:29:00,metal loss-manufacturing anomaly,19.0,3.31,0.55,2007
30573.44,11:38:00,metal loss-manufacturing anomaly,10.0,4.17,4.25,2007
30574.03,11:51:00,metal loss-manufacturing anomaly,26.0,3.66,0.71,2007
30574.76,11:36:00,metal loss-manufacturing anomaly,10.0,3.11,0.87,2007
30576.1,11:33:00,metal loss-manufacturing anomaly,15.0,3.58,7.01,2007
30576.86,11:42:00,metal loss-manufacturing anomaly,10.0,3.23,1.58,2007
30577.29,11:30:00,metal loss-manufacturing anomaly,14.0,4.02,3.74,2007
30577.99,11:20:00,metal loss-manufacturing anomaly,10.0,4.13,8.66,2007
30578.61,11:28:00,metal loss-manufacturing anomaly,28.0,3.94,6.38,2007
30591.29,,Girth Weld,,,,2007
30631.25,,Girth Weld,,,,2007
30671.23,,Girth Weld,,,,2007
30676.87,06:24:00,metal loss-manufacturing anomaly,17.0,3.03,0.55,2007
30676.88,06:34:00,metal loss-manufacturing anomaly,13.0,2.79,0.63,2007
30711.15,,Girth Weld,,,,2007
30739.96,,Girth Weld,,,,2007
30775.35,,Girth Weld,,,,2007
30811.94,,Girth Weld,,,,2007
30851.92,,Girth Weld,,,,2007
30857.47,,Bend,,,,2007
30862.86,,Girth Weld,,,,2007
30884.37,,Girth Weld,,,,2007
30924.36,,Girth Weld,,,,2007
30929.58,,Bend,,,,2007
30934.71,,Girth Weld,,,,2007
30968.4,,Girth Weld,,,,2007
31008.39,,Girth Weld,,,,2007
31013.67,04:16:00,metal loss-manufacturing anomaly,15.0,0.47,0.71,2007
31048.29,,Girth Weld,,,,2007
31088.29,,Girth Weld,,,,2007
31128.31,,Girth Weld,,,,2007
31168.2,,Girth Weld,,,,2007
31208.05,,Girth Weld,,,,2007
31247.97,,Girth Weld,,,,2007
31287.91,,Girth Weld,,,,2007
31323.31,,Girth Weld,,,,2007
31363.26,,Girth Weld,,,,2007
31403.24,,Girth Weld,,,,2007
31443.2,,Girth Weld,,,,2007
31483.17,,Girth Weld,,,,2007
31492.84,,Girth Weld,,,,2007
31497.61,,Bend,,,,2007
31502.29,,Girth Weld,,,,2007
31508.43,,Girth Weld,,,,2007
31509.12,02:17:00,Cluster,31.0,6.41,31.02,2007
31509.22,10:05:00,Cluster,14.0,3.59,14.6,2007
31547.58,,Above Ground Marker,,,,2007
31548.5,,Girth Weld,,,,2007
31549.2,02:54:00,Cluster,28.0,5.63,6.43,2007
31549.2,05:24:00,Cluster,12.0,4.92,4.34,2007
31551.06,11:30:00,Cluster,11.0,6.3,7.92,2007
31564.41,,Girth Weld,,,,2007
31569.39,,Bend,,,,2007
31574.15,,Girth Weld,,,,2007
31574.91,06:22:00,Cluster,52.0,4.91,8.27,2007
31574.95,03:58:00,Cluster,10.0,3.01,5.43,2007
31574.96,05:29:00,metal loss,24.0,4.13,2.28,2007
31583.48,06:28:00,metal loss,19.0,1.42,1.77,2007
31585.04,,Girth Weld,,,,2007
31586.57,05:46:00,metal loss,16.0,1.3,3.62,2007
31606.19,,Girth Weld,,,,2007
31646.15,,Girth Weld,,,,2007
31656.76,,Girth Weld,,,,2007
31681.63,,Girth Weld,,,,2007
31692.19,,Girth Weld,,,,2007
31732.15,,Girth Weld,,,,2007
31740.78,,Girth Weld,,,,2007
31780.8,,Girth Weld,,,,2007
31818.81,,Girth Weld,,,,2007
31832.89,,Girth Weld,,,,2007
31872.88,,Girth Weld,,,,2007
31884.6,,Girth Weld,,,,2007
31924.61,,Girth Weld,,,,2007
31941.4,,Girth Weld,,,,2007
31980.44,04:26:00,Cluster,13.0,3.34,16.86,2007
31981.44,,Girth Weld,,,,2007
32021.38,,Girth Weld,,,,2007
32033.57,,Girth Weld,,,,2007
32073.56,,Girth Weld,,,,2007
32079.84,,Girth Weld,,,,2007
32119.82,,Girth Weld,,,,2007
32159.93,,Girth Weld,,,,2007
32179.29,,Girth Weld,,,,2007
32218.96,,Girth Weld,,,,2007
32258.9,,Girth Weld,,,,2007
32273.61,,Girth Weld,,,,2007
32305.53,,Girth Weld,,,,2007
32311.21,,Bend,,,,2007
32317.15,,Girth Weld,,,,2007
32350.93,,Girth Weld,,,,2007
32356.11,,Bend,,,,2007
32361.49,,Girth Weld,,,,2007
32371.94,,Girth Weld,,,,2007
32411.84,,Girth Weld,,,,2007
32416.75,,Bend,,,,2007
32422.15,,Girth Weld,,,,2007
32445.14,,Girth Weld,,,,2007
32485.09,,Girth Weld,,,,2007
32514.08,11:34:00,Cluster,16.0,4.18,2.2,2007
32514.44,,Girth Weld,,,,2007
32554.17,,Girth Weld,,,,2007
32594.09,,Girth Weld,,,,2007
32594.86,06:40:00,Cluster,28.0,1.45,3.58,2007
32594.9,04:25:00,metal loss,10.0,0.94,1.34,2007
32634.07,,Girth Weld,,,,2007
32642.05,,Girth Weld,,,,2007
32646.53,,Bend,,,,2007
32650.92,,Girth Weld,,,,2007
32689.71,,Girth Weld,,,,2007
32729.75,,Girth Weld,,,,2007
32769.71,,Girth Weld,,,,2007
32801.78,,Girth Weld,,,,2007
32832.23,,Girth Weld,,,,2007
32872.13,,Girth Weld,,,,2007
32912.1,,Girth Weld,,,,2007
32925.21,07:20:00,Cluster,31.0,21.61,16.78,2007
32925.99,06:17:00,Cluster,21.0,4.21,2.89,2007
32927.13,06:53:00,metal loss,19.0,1.46,0.75,2007
32928.3,07:17:00,Cluster,14.0,2.57,5.09,2007
32952.03,,Girth Weld,,,,2007
32952.77,07:12:00,Cluster,10.0,2.57,2.49,2007
32992.07,,Girth Weld,,,,2007
33031.11,07:25:00,Cluster,10.0,2.95,5.63,2007
33031.14,04:42:00,Cluster,15.0,1.87,10.12,2007
33032.09,,Girth Weld,,,,2007
33032.88,03:34:00,Cluster,10.0,0.88,2.51,2007
33072.12,,Girth Weld,,,,2007
33112.12,,Girth Weld,,,,2007
33112.92,04:02:00,Cluster,12.0,2.48,4.75,2007
33152.12,,Girth Weld,,,,2007
33190.85,07:24:00,metal loss,11.0,3.66,7.36,2007
33192.15,,Girth Weld,,,,2007
33232.17,,Girth Weld,,,,2007
33272.18,,Girth Weld,,,,2007
33304.46,11:47:00,Cluster,28.0,4.36,6.72,2007
33304.98,11:35:00,Cluster,11.0,3.67,5.55,2007
33312.19,,Girth Weld,,,,2007
33351.58,,Girth Weld,,,,2007
33374.95,06:10:00,Cluster,23.0,3.55,1.91,2007
33381.36,05:32:00,Cluster,31.0,1.76,1.32,2007
33381.84,05:24:00,Cluster,29.0,4.33,4.63,2007
33383.18,05:52:00,Cluster,13.0,4.98,1.64,2007
33390.29,05:33:00,Cluster,20.0,6.35,4.38,2007
33391.58,,Girth Weld,,,,2007
33405.66,04:30:00,metal loss,15.0,2.05,1.5,2007
33405.96,04:20:00,metal loss,10.0,1.69,1.58,2007
33430.71,07:48:00,Cluster,21.0,2.27,10.7,2007
33431.63,,Girth Weld,,,,2007
33471.65,,Girth Weld,,,,2007
33479.84,11:34:00,metal loss,13.0,0.75,0.63,2007
33480.23,12:28:00,Cluster,26.0,3.61,3.29,2007
33480.35,11:17:00,Cluster,13.0,3.37,2.1,2007
33481.04,10:56:00,metal loss,15.0,0.79,0.71,2007
33511.65,,Girth Weld,,,,2007
33512.3,05:03:00,Cluster,33.0,4.28,21.68,2007
33551.63,,Girth Weld,,,,2007
33591.55,,Girth Weld,,,,2007
33592.28,04:46:00,Cluster,25.0,4.87,17.39,2007
33631.47,,Girth Weld,,,,2007
33638.82,02:35:00,metal loss,10.0,2.99,0.67,2007
33670.4,06:53:00,Cluster,10.0,2.71,8.94,2007
33671.38,,Girth Weld,,,,2007
33711.37,,Girth Weld,,,,2007
33750.65,07:58:00,Cluster,34.0,0.94,5.43,2007
33751.55,,Girth Weld,,,,2007
33753.51,12:25:00,metal loss,13.0,1.06,1.1,2007
33776.28,,Girth Weld,,,,2007
33816.33,,Girth Weld,,,,2007
33817.11,12:26:00,metal loss,36.0,0.91,8.35,2007
33853.06,11:57:00,metal loss,10.0,1.1,1.18,2007
33853.37,12:04:00,metal loss,12.0,0.71,0.71,2007
33856.32,,Girth Weld,,,,2007
33895.42,11:00:00,metal loss,16.0,0.71,1.53,2007
33896.3,,Girth Weld,,,,2007
33936.31,,Girth Weld,,,,2007
33949.1,04:01:00,metal loss,13.0,2.84,2.36,2007
33975.28,09:10:00,metal loss,18.0,3.7,0.87,2007
33975.32,07:27:00,Cluster,10.0,2.64,8.5,2007
33975.39,09:43:00,Cluster,16.0,2.63,7.23,2007
33976.35,,Girth Weld,,,,2007
34016.39,,Girth Weld,,,,2007
34024.54,06:25:00,Cluster,18.0,4.12,3.94,2007
34025.04,06:19:00,Cluster,25.0,2.81,3.37,2007
34055.57,10:28:00,metal loss,21.0,1.38,4.41,2007
34056.45,,Girth Weld,,,,2007
34057.22,10:43:00,metal loss,11.0,0.71,0.67,2007
34096.41,,Girth Weld,,,,2007
34136.4,,Girth Weld,,,,2007
34137.11,06:35:00,Cluster,22.0,2.92,11.5,2007
34137.13,03:40:00,Cluster,19.0,2.6,14.89,2007
34137.15,02:39:00,metal loss,14.0,2.72,3.5,2007
34176.39,,Girth Weld,,,,2007
34216.41,,Girth Weld,,,,2007
34256.46,,Girth Weld,,,,2007
34296.44,,Girth Weld,,,,2007
34328.69,,Girth Weld,,,,2007
34368.66,,Girth Weld,,,,2007
34408.71,,Girth Weld,,,,2007
34448.73,,Girth Weld,,,,2007
34478.59,,Girth Weld,,,,2007
34518.63,,Girth Weld,,,,2007
34558.63,,Girth Weld,,,,2007
34598.3,,Girth Weld,,,,2007
34638.3,,Girth Weld,,,,2007
34678.41,,Girth Weld,,,,2007
34718.49,,Girth Weld,,,,2007
34758.48,,Girth Weld,,,,2007
34798.51,,Girth Weld,,,,2007
34838.5,,Girth Weld,,,,2007
34859.79,06:58:00,metal loss-manufacturing anomaly,15.0,0.59,0.87,2007
34861.31,10:50:00,metal loss-manufacturing anomaly,17.0,0.71,0.71,2007
34878.54,,Girth Weld,,,,2007
34918.47,,Girth Weld,,,,2007
34919.27,11:18:00,Cluster,10.0,0.61,3.27,2007
34958.37,,Girth Weld,,,,2007
34998.28,,Girth Weld,,,,2007
35025.61,,Girth Weld,,,,2007
35065.64,,Girth Weld,,,,2007
35105.67,,Girth Weld,,,,2007
35145.64,,Girth Weld,,,,2007
35185.61,,Girth Weld,,,,2007
35225.69,,Girth Weld,,,,2007
35265.54,,Girth Weld,,,,2007
35305.6,,Girth Weld,,,,2007
35345.61,,Girth Weld,,,,2007
35385.61,,Girth Weld,,,,2007
35389.6,,Girth Weld,,,,2007
35429.59,,Girth Weld,,,,2007
35433.57,,Girth Weld,,,,2007
35473.47,,Girth Weld,,,,2007
35500.61,,Girth Weld,,,,2007
35540.54,,Girth Weld,,,,2007
35580.43,,Girth Weld,,,,2007
35581.29,05:59:00,metal loss,15.0,0.83,1.06,2007
35620.35,,Girth Weld,,,,2007
35660.23,,Girth Weld,,,,2007
35700.25,,Girth Weld,,,,2007
35740.24,,Girth Weld,,,,2007
35780.19,,Girth Weld,,,,2007
35798.42,06:16:00,metal loss-manufacturing anomaly,18.0,0.47,0.71,2007
35820.19,,Girth Weld,,,,2007
35820.7,04:02:00,Cluster,32.0,4.37,2.54,2007
35820.85,04:54:00,metal loss,18.0,2.28,9.8,2007
35820.89,08:16:00,Cluster,22.0,1.6,7.23,2007
35820.93,10:53:00,metal loss,13.0,0.71,1.69,2007
35860.17,,Girth Weld,,,,2007
35900.13,,Girth Weld,,,,2007
35940.11,,Girth Weld,,,,2007
35980.07,,Girth Weld,,,,2007
36020.0,,Girth Weld,,,,2007
36059.99,,Girth Weld,,,,2007
36099.95,,Girth Weld,,,,2007
36139.93,,Girth Weld,,,,2007
36179.68,,Girth Weld,,,,2007
36219.68,,Girth Weld,,,,2007
36259.48,,Girth Weld,,,,2007
36299.41,,Girth Weld,,,,2007
36339.41,,Girth Weld,,,,2007
36379.31,,Girth Weld,,,,2007
36419.28,,Girth Weld,,,,2007
36459.43,,Girth Weld,,,,2007
36460.28,06:58:00,metal loss-manufacturing anomaly,10.0,1.02,0.71,2007
36499.41,,Girth Weld,,,,2007
36539.42,,Girth Weld,,,,2007
36579.38,,Girth Weld,,,,2007
36619.36,,Girth Weld,,,,2007
36659.26,,Girth Weld,,,,2007
36699.25,,Girth Weld,,,,2007
36739.24,,Girth Weld,,,,2007
36779.11,,Girth Weld,,,,2007
36818.54,,Girth Weld,,,,2007
36858.54,,Girth Weld,,,,2007
36881.65,,Girth Weld,,,,2007
36901.27,,Above Ground Marker,,,,2007
36921.6,,Girth Weld,,,,2007
36926.14,,Bend,,,,2007
36930.67,,Girth Weld,,,,2007
36936.73,,Girth Weld,,,,2007
36974.72,,Girth Weld,,,,2007
37014.68,,Girth Weld,,,,2007
37054.66,,Girth Weld,,,,2007
37094.29,,Girth Weld,,,,2007
37101.23,,Girth Weld,,,,2007
37105.1,,Bend,,,,2007
37109.08,,Girth Weld,,,,2007
37120.42,,Girth Weld,,,,2007
37154.37,,Girth Weld,,,,2007
37194.38,,Girth Weld,,,,2007
37234.4,,Girth Weld,,,,2007
37274.47,,Girth Weld,,,,2007
37314.43,,Girth Weld,,,,2007
37343.49,,Girth Weld,,,,2007
37371.12,,Girth Weld,,,,2007
37411.1,,Girth Weld,,,,2007
37444.88,,Girth Weld,,,,2007
37449.19,,Bend,,,,2007
37453.92,,Girth Weld,,,,2007
37494.0,,Girth Weld,,,,2007
37533.45,,Girth Weld,,,,2007
37570.2,,Girth Weld,,,,2007
37575.87,,Bend,,,,2007
37581.73,,Girth Weld,,,,2007
37590.44,,Girth Weld,,,,2007
37630.44,,Girth Weld,,,,2007
37668.61,,Girth Weld,,,,2007
37708.64,,Girth Weld,,,,2007
37748.67,,Girth Weld,,,,2007
37788.71,,Girth Weld,,,,2007
37828.65,,Girth Weld,,,,2007
37868.74,,Girth Weld,,,,2007
37908.67,,Girth Weld,,,,2007
37946.81,,Girth Weld,,,,2007
37986.32,,Girth Weld,,,,2007
38026.32,,Girth Weld,,,,2007
38066.29,,Girth Weld,,,,2007
38106.32,,Girth Weld,,,,2007
38146.38,,Girth Weld,,,,2007
38186.34,,Girth Weld,,,,2007
38226.35,,Girth Weld,,,,2007
38234.73,,Girth Weld,,,,2007
38274.77,,Girth Weld,,,,2007
38314.84,,Girth Weld,,,,2007
38349.84,,Girth Weld,,,,2007
38383.95,09:43:00,metal loss-manufacturing anomaly,16.0,3.78,2.52,2007
38389.85,,Girth Weld,,,,2007
38429.85,,Girth Weld,,,,2007
38469.82,,Girth Weld,,,,2007
38509.29,,Girth Weld,,,,2007
38549.24,,Girth Weld,,,,2007
38589.22,,Girth Weld,,,,2007
38629.17,,Girth Weld,,,,2007
38669.13,,Girth Weld,,,,2007
38708.96,,Girth Weld,,,,2007
38748.68,,Girth Weld,,,,2007
38788.61,,Girth Weld,,,,2007
38828.56,,Girth Weld,,,,2007
38868.56,,Girth Weld,,,,2007
38908.61,,Girth Weld,,,,2007
38948.65,,Girth Weld,,,,2007
38988.75,,Girth Weld,,,,2007
38996.14,,Girth Weld,,,,2007
39036.35,,Girth Weld,,,,2007
39076.52,,Girth Weld,,,,2007
39116.65,,Girth Weld,,,,2007
39144.72,06:32:00,metal loss,10.0,0.98,1.18,2007
39145.24,,Girth Weld,,,,2007
39185.15,,Girth Weld,,,,2007
39225.12,,Girth Weld,,,,2007
39241.24,,Girth Weld,,,,2007
39281.26,,Girth Weld,,,,2007
39287.27,,Bend,,,,2007
39293.06,,Girth Weld,,,,2007
39301.05,,Girth Weld,,,,2007
39307.26,,Bend,,,,2007
39312.81,,Girth Weld,,,,2007
39334.75,05:25:00,Cluster,16.0,4.36,8.99,2007
39335.67,,Girth Weld,,,,2007
39335.7,02:06:00,Cluster,10.0,2.33,12.3,2007
39364.89,,Girth Weld,,,,2007
39404.87,,Girth Weld,,,,2007
39405.56,08:55:00,Cluster,17.0,3.44,9.03,2007
39444.88,,Girth Weld,,,,2007
39479.9,08:12:00,metal loss,17.0,0.79,0.91,2007
39480.79,,Girth Weld,,,,2007
39485.48,,Bend,,,,2007
39490.27,,Girth Weld,,,,2007
39530.35,,Girth Weld,,,,2007
39530.85,05:56:00,metal loss,15.0,1.18,1.81,2007
39552.69,,Girth Weld,,,,2007
39553.36,03:01:00,Cluster,39.0,4.88,30.98,2007
39592.6,,Girth Weld,,,,2007
39592.67,08:40:00,Cluster,25.0,4.07,6.33,2007
39593.33,07:38:00,Cluster,18.0,2.83,6.62,2007
39593.37,02:27:00,Cluster,27.0,3.28,9.26,2007
39629.66,,Girth Weld,,,,2007
39634.72,,Bend,,,,2007
39639.68,,Girth Weld,,,,2007
39641.08,02:02:00,Cluster,31.0,5.05,14.2,2007
39641.74,06:58:00,Cluster,33.0,3.32,9.3,2007
39671.55,,Girth Weld,,,,2007
39705.45,,Girth Weld,,,,2007
39745.4,,Girth Weld,,,,2007
39747.57,04:10:00,metal loss,11.0,1.42,1.34,2007
39762.77,,Girth Weld,,,,2007
39767.18,,Bend,,,,2007
39771.49,,Girth Weld,,,,2007
39777.53,,Girth Weld,,,,2007
39807.47,,Girth Weld,,,,2007
39832.14,,Girth Weld,,,,2007
39869.64,,Girth Weld,,,,2007
39909.66,,Girth Weld,,,,2007
39949.69,,Girth Weld,,,,2007
39989.7,,Girth Weld,,,,2007
40008.62,05:02:00,metal loss-manufacturing anomaly,10.0,1.46,0.71,2007
40009.5,08:37:00,metal loss-manufacturing anomaly,10.0,0.59,0.71,2007
40029.68,,Girth Weld,,,,2007
40069.69,,Girth Weld,,,,2007
40109.71,,Girth Weld,,,,2007
40149.7,,Girth Weld,,,,2007
40189.73,,Girth Weld,,,,2007
40229.79,,Girth Weld,,,,2007
40269.89,,Girth Weld,,,,2007
40309.91,,Girth Weld,,,,2007
40349.93,,Girth Weld,,,,2007
40389.57,,Girth Weld,,,,2007
40429.65,,Girth Weld,,,,2007
40469.62,,Girth Weld,,,,2007
40509.61,,Girth Weld,,,,2007
40549.64,,Girth Weld,,,,2007
40589.67,,Girth Weld,,,,2007
40629.73,,Girth Weld,,,,2007
40668.73,07:57:00,Cluster,18.0,1.97,1.47,2007
40669.73,,Girth Weld,,,,2007
40673.95,,Bend,,,,2007
40678.32,,Girth Weld,,,,2007
40688.46,,Girth Weld,,,,2007
40693.84,,Bend,,,,2007
40699.15,,Girth Weld,,,,2007
40739.16,,Girth Weld,,,,2007
40761.14,,Girth Weld,,,,2007
40801.09,,Girth Weld,,,,2007
40830.31,,Girth Weld,,,,2007
40870.34,,Girth Weld,,,,2007
40910.33,,Girth Weld,,,,2007
40950.25,,Girth Weld,,,,2007
40990.2,,Girth Weld,,,,2007
41011.08,10:13:00,metal loss-manufacturing anomaly,10.0,3.03,1.3,2007
41030.11,,Girth Weld,,,,2007
41070.06,,Girth Weld,,,,2007
41110.07,,Girth Weld,,,,2007
41131.05,10:09:00,metal loss-manufacturing anomaly,14.0,3.66,1.02,2007
41146.22,,Girth Weld,,,,2007
41163.99,02:09:00,metal loss-manufacturing anomaly,12.0,4.17,1.77,2007
41165.77,08:12:00,metal loss-manufacturing anomaly,16.0,0.59,0.63,2007
41166.98,02:06:00,metal loss-manufacturing anomaly,11.0,3.78,1.42,2007
41170.29,01:54:00,metal loss-manufacturing anomaly,30.0,3.82,5.55,2007
41174.55,11:58:00,metal loss-manufacturing anomaly,11.0,0.47,0.59,2007
41186.18,,Girth Weld,,,,2007
41226.16,,Girth Weld,,,,2007
41266.15,,Girth Weld,,,,2007
41306.08,,Girth Weld,,,,2007
41346.07,,Girth Weld,,,,2007
41386.16,,Girth Weld,,,,2007
41425.47,,Girth Weld,,,,2007
41465.45,,Girth Weld,,,,2007
41466.16,04:44:00,Cluster,29.0,5.0,10.54,2007
41466.18,06:45:00,Cluster,21.0,5.56,2.58,2007
41466.26,03:19:00,Cluster,14.0,0.97,3.27,2007
41485.96,09:33:00,Cluster,15.0,4.38,3.16,2007
41486.24,10:16:00,Cluster,17.0,2.56,2.39,2007
41486.59,10:09:00,metal loss,15.0,1.14,1.26,2007
41486.78,10:13:00,Cluster,12.0,4.25,3.16,2007
41501.43,09:33:00,metal loss,10.0,2.52,0.75,2007
41502.32,08:10:00,metal loss,14.0,4.25,0.94,2007
41503.42,09:22:00,metal loss,10.0,1.18,0.83,2007
41504.01,09:28:00,Cluster,10.0,4.39,5.72,2007
41505.39,,Girth Weld,,,,2007
41544.42,07:47:00,metal loss,23.0,0.94,1.3,2007
41544.45,08:49:00,metal loss,11.0,0.79,0.79,2007
41545.34,,Girth Weld,,,,2007
41546.08,09:36:00,metal loss,17.0,2.76,0.59,2007
41576.47,07:44:00,Cluster,19.0,2.21,1.8,2007
41581.35,07:17:00,Cluster,18.0,5.2,4.15,2007
41585.28,,Girth Weld,,,,2007
41593.16,07:57:00,metal loss,10.0,3.03,0.59,2007
41593.61,06:58:00,Cluster,16.0,3.71,3.96,2007
41605.47,03:25:00,Cluster,15.0,3.43,1.22,2007
41606.33,03:21:00,metal loss,13.0,1.53,1.38,2007
41607.15,02:04:00,Cluster,23.0,5.15,3.54,2007
41607.49,03:27:00,metal loss,11.0,1.42,0.91,2007
41607.68,01:54:00,Cluster,25.0,3.62,2.81,2007
41608.36,02:29:00,Cluster,13.0,1.69,1.2,2007
41610.12,09:19:00,Cluster,13.0,3.25,6.37,2007
41610.66,09:46:00,Cluster,10.0,2.63,4.13,2007
41611.24,09:44:00,Cluster,17.0,3.25,3.71,2007
41614.46,10:17:00,metal loss,16.0,1.1,0.59,2007
41625.37,,Girth Weld,,,,2007
41636.74,09:46:00,metal loss,25.0,2.09,1.26,2007
41637.81,09:56:00,metal loss,14.0,2.09,1.89,2007
41645.97,09:21:00,Cluster,20.0,5.22,4.96,2007
41647.17,10:15:00,metal loss,16.0,0.63,0.87,2007
41647.33,09:43:00,Cluster,16.0,2.06,3.94,2007
41648.63,09:45:00,Cluster,12.0,2.66,3.92,2007
41649.13,10:23:00,metal loss,15.0,0.75,0.71,2007
41649.59,09:38:00,metal loss,24.0,0.94,0.71,2007
41650.41,09:32:00,Cluster,15.0,3.7,3.56,2007
41651.43,09:39:00,Cluster,14.0,2.66,2.64,2007
41651.88,09:38:00,Cluster,14.0,2.84,4.19,2007
41652.4,09:39:00,Cluster,12.0,2.08,2.26,2007
41652.8,09:54:00,metal loss,11.0,1.02,1.26,2007
41653.26,08:52:00,Cluster,19.0,3.68,2.75,2007
41653.89,09:48:00,Cluster,21.0,2.99,2.54,2007
41655.43,09:40:00,Cluster,13.0,2.38,2.16,2007
41658.63,02:41:00,Cluster,16.0,3.28,1.43,2007
41659.02,02:28:00,Cluster,15.0,7.88,2.75,2007
41665.39,,Girth Weld,,,,2007
41676.35,08:16:00,Cluster,33.0,5.5,11.56,2007
41676.62,02:49:00,metal loss,16.0,0.83,0.55,2007
41678.56,,Girth Weld,,,,2007
41703.53,04:57:00,Cluster,33.0,5.21,3.73,2007
41704.14,06:41:00,Cluster,16.0,2.22,2.47,2007
41704.24,06:18:00,Cluster,14.0,5.59,14.6,2007
41704.47,05:01:00,Cluster,23.0,4.01,2.87,2007
41705.44,,Girth Weld,,,,2007
41705.97,07:43:00,Cluster,11.0,4.12,17.76,2007
41706.26,03:44:00,Cluster,23.0,2.44,9.05,2007
41706.26,02:44:00,metal loss,10.0,1.3,3.42,2007
41745.43,,Girth Weld,,,,2007
41746.38,09:55:00,metal loss,11.0,0.71,0.55,2007
41747.21,09:30:00,metal loss,13.0,0.91,1.3,2007
41784.33,03:20:00,Cluster,13.0,3.85,6.24,2007
41785.36,,Girth Weld,,,,2007
41786.2,04:12:00,metal loss,11.0,0.79,0.71,2007
41787.46,08:12:00,metal loss-manufacturing anomaly,11.0,0.43,0.71,2007
41825.08,,Girth Weld,,,,2007
41865.05,,Girth Weld,,,,2007
41865.72,08:30:00,Cluster,11.0,2.05,9.82,2007
41905.04,,Girth Weld,,,,2007
41944.95,,Girth Weld,,,,2007
41984.91,,Girth Weld,,,,2007
42024.83,,Girth Weld,,,,2007
42064.76,,Girth Weld,,,,2007
42104.81,,Girth Weld,,,,2007
42144.82,,Girth Weld,,,,2007
42184.89,,Girth Weld,,,,2007
42224.88,,Girth Weld,,,,2007
42243.95,,Above Ground Marker,,,,2007
42264.86,,Girth Weld,,,,2007
42269.82,,Bend,,,,2007
42274.71,,Girth Weld,,,,2007
42298.11,,Girth Weld,,,,2007
42338.07,,Girth Weld,,,,2007
42378.12,,Girth Weld,,,,2007
42418.14,,Girth Weld,,,,2007
42458.14,,Girth Weld,,,,2007
42467.5,,Girth Weld,,,,2007
42507.69,,Girth Weld,,,,2007
42547.83,,Girth Weld,,,,2007
42587.8,,Girth Weld,,,,2007
42627.69,,Girth Weld,,,,2007
42667.62,,Girth Weld,,,,2007
42707.6,,Girth Weld,,,,2007
42747.59,,Girth Weld,,,,2007
42787.6,,Girth Weld,,,,2007
42827.58,,Girth Weld,,,,2007
42867.61,,Girth Weld,,,,2007
42907.62,,Girth Weld,,,,2007
42935.11,,Girth Weld,,,,2007
42955.37,,Girth Weld,,,,2007
42995.32,,Girth Weld,,,,2007
43035.33,,Girth Weld,,,,2007
43075.2,,Girth Weld,,,,2007
43104.53,,Girth Weld,,,,2007
43111.19,,Girth Weld,,,,2007
43151.13,,Girth Weld,,,,2007
43170.76,,Girth Weld,,,,2007
43176.04,,Bend,,,,2007
43181.15,,Girth Weld,,,,2007
43216.77,,Girth Weld,,,,2007
43256.8,,Girth Weld,,,,2007
43296.76,,Girth Weld,,,,2007
43336.69,,Girth Weld,,,,2007
43376.72,,Girth Weld,,,,2007
43416.72,,Girth Weld,,,,2007
43456.64,,Girth Weld,,,,2007
43496.58,,Girth Weld,,,,2007
43517.05,,Girth Weld,,,,2007
43557.15,,Girth Weld,,,,2007
43597.12,,Girth Weld,,,,2007
43597.89,04:45:00,Cluster,14.0,2.4,7.67,2007
43636.59,,Girth Weld,,,,2007
43675.86,06:00:00,Cluster,10.0,2.64,4.11,2007
43676.68,,Girth Weld,,,,2007
43677.48,04:36:00,Cluster,16.0,1.32,7.54,2007
43716.71,,Girth Weld,,,,2007
43744.64,,Girth Weld,,,,2007
43784.67,,Girth Weld,,,,2007
43824.68,,Girth Weld,,,,2007
43864.61,,Girth Weld,,,,2007
43904.53,,Girth Weld,,,,2007
43925.26,07:51:00,metal loss-manufacturing anomaly,15.0,2.32,0.59,2007
43928.97,09:08:00,metal loss-manufacturing anomaly,14.0,3.03,0.71,2007
43930.49,09:33:00,metal loss-manufacturing anomaly,13.0,3.46,0.94,2007
43930.51,09:23:00,metal loss-manufacturing anomaly,27.0,3.42,0.55,2007
43944.39,,Girth Weld,,,,2007
43949.85,02:25:00,metal loss,13.0,1.58,1.42,2007
43950.29,02:28:00,metal loss,10.0,1.65,2.48,2007
43954.18,09:26:00,Cluster,13.0,1.81,2.93,2007
43956.32,02:15:00,Cluster,11.0,2.28,1.91,2007
43956.74,01:43:00,Cluster,12.0,5.46,5.22,2007
43957.47,02:21:00,metal loss,12.0,2.4,1.93,2007
43959.89,09:25:00,metal loss,12.0,3.35,0.83,2007
43962.76,02:21:00,metal loss,10.0,2.24,1.42,2007
43981.57,05:14:00,metal loss,11.0,0.87,1.18,2007
43984.57,,Girth Weld,,,,2007
43985.28,10:38:00,Cluster,16.0,3.58,7.42,2007
44024.57,,Girth Weld,,,,2007
44055.69,,Girth Weld,,,,2007
44056.31,07:15:00,metal loss,13.0,5.04,0.59,2007
44056.42,05:04:00,Cluster,30.0,1.85,10.89,2007
44095.66,,Girth Weld,,,,2007
44100.91,05:42:00,Cluster,23.0,10.97,12.82,2007
44134.6,04:16:00,Cluster,26.0,2.95,9.22,2007
44135.55,,Girth Weld,,,,2007
44175.53,,Girth Weld,,,,2007
44214.46,03:44:00,Cluster,25.0,4.15,10.91,2007
44215.54,,Girth Weld,,,,2007
44255.55,,Girth Weld,,,,2007
44295.57,,Girth Weld,,,,2007
44335.56,,Girth Weld,,,,2007
44375.54,,Girth Weld,,,,2007
44415.58,,Girth Weld,,,,2007
44455.58,,Girth Weld,,,,2007
44495.61,,Girth Weld,,,,2007
44535.64,,Girth Weld,,,,2007
44558.85,,Girth Weld,,,,2007
44598.87,,Girth Weld,,,,2007
44638.93,,Girth Weld,,,,2007
44640.11,06:38:00,metal loss,13.0,0.87,0.83,2007
44641.35,04:49:00,metal loss,12.0,1.02,0.98,2007
44641.95,04:51:00,metal loss,20.0,1.38,1.3,2007
44642.49,04:46:00,metal loss,22.0,1.1,0.83,2007
44647.98,04:42:00,Cluster,16.0,6.84,3.81,2007
44677.96,,Girth Weld,,,,2007
44698.12,04:16:00,metal loss,13.0,1.22,1.1,2007
44698.71,04:35:00,metal loss,11.0,1.1,1.1,2007
44699.21,07:38:00,Cluster,20.0,3.23,3.77,2007
44700.94,07:56:00,metal loss,10.0,1.3,1.26,2007
44701.23,04:43:00,metal loss,10.0,0.91,0.91,2007
44703.81,03:55:00,metal loss-manufacturing anomaly,11.0,0.47,0.83,2007
44718.17,,Girth Weld,,,,2007
44757.04,06:17:00,Cluster,14.0,2.92,2.66,2007
44758.11,,Girth Weld,,,,2007
44798.13,,Girth Weld,,,,2007
44838.22,,Girth Weld,,,,2007
44878.09,,Girth Weld,,,,2007
44918.03,,Girth Weld,,,,2007
44918.76,08:55:00,metal loss,17.0,1.02,8.54,2007
44940.0,08:17:00,Cluster,15.0,3.73,5.82,2007
44958.08,,Girth Weld,,,,2007
44963.32,09:07:00,metal loss,17.0,1.06,1.06,2007
44997.09,04:55:00,Cluster,12.0,4.68,9.8,2007
44998.21,,Girth Weld,,,,2007
45013.1,06:29:00,metal loss,17.0,0.98,0.63,2007
45038.35,,Girth Weld,,,,2007
45078.33,,Girth Weld,,,,2007
45111.38,,Girth Weld,,,,2007
45112.14,12:30:00,metal loss,38.0,1.1,1.22,2007
45112.14,12:01:00,metal loss,39.0,1.22,0.59,2007
45133.57,,Girth Weld,,,,2007
45138.44,03:57:00,metal loss,14.0,0.98,1.1,2007
45139.21,03:34:00,Cluster,47.0,5.47,5.59,2007
45151.38,04:21:00,metal loss,14.0,1.22,1.34,2007
45166.83,05:55:00,metal loss-manufacturing anomaly,21.0,0.47,0.55,2007
45173.61,,Girth Weld,,,,2007
45175.13,05:30:00,metal loss,22.0,0.83,1.42,2007
45175.35,04:54:00,metal loss,23.0,0.94,2.17,2007
45180.28,,Girth Weld,,,,2007
45220.19,,Girth Weld,,,,2007
45260.07,,Girth Weld,,,,2007
45300.06,,Girth Weld,,,,2007
45340.05,,Girth Weld,,,,2007
45380.06,,Girth Weld,,,,2007
45420.08,,Girth Weld,,,,2007
45460.13,,Girth Weld,,,,2007
45500.14,,Girth Weld,,,,2007
45540.18,,Girth Weld,,,,2007
45544.54,,Bend,,,,2007
45548.71,,Girth Weld,,,,2007
45588.7,,Girth Weld,,,,2007
45609.98,,Girth Weld,,,,2007
45650.07,,Girth Weld,,,,2007
45675.6,,Girth Weld,,,,2007
45676.4,06:20:00,Cluster,36.0,3.82,6.49,2007
45715.64,,Girth Weld,,,,2007
45740.89,,Girth Weld,,,,2007
45780.89,,Girth Weld,,,,2007
45820.83,,Girth Weld,,,,2007
45839.28,,Girth Weld,,,,2007
45879.24,,Girth Weld,,,,2007
45911.1,,Girth Weld,,,,2007
45950.05,04:27:00,Cluster,11.0,2.63,16.36,2007
45950.15,07:27:00,Cluster,14.0,1.25,2.24,2007
45951.07,,Girth Weld,,,,2007
45951.57,07:14:00,Cluster,10.0,2.4,5.82,2007
45951.85,05:14:00,Cluster,14.0,2.63,19.0,2007
45990.9,,Girth Weld,,,,2007
46030.7,,Girth Weld,,,,2007
46070.74,,Girth Weld,,,,2007
46109.65,04:49:00,Cluster,26.0,4.52,5.7,2007
46109.65,07:07:00,Cluster,24.0,3.65,5.03,2007
46110.74,,Girth Weld,,,,2007
46150.92,,Girth Weld,,,,2007
46190.01,05:32:00,Cluster,15.0,2.56,9.59,2007
46190.08,04:11:00,Cluster,14.0,2.17,4.65,2007
46191.12,,Girth Weld,,,,2007
46191.89,06:26:00,Cluster,12.0,0.91,7.39,2007
46191.91,08:05:00,metal loss,11.0,0.75,1.22,2007
46191.92,03:44:00,metal loss,15.0,0.87,1.93,2007
46196.86,08:11:00,Cluster,10.0,3.97,2.39,2007
46199.31,08:25:00,Cluster,11.0,1.06,3.39,2007
46231.3,,Girth Weld,,,,2007
46271.31,,Girth Weld,,,,2007
46272.09,09:23:00,metal loss,21.0,1.02,0.91,2007
46311.21,,Girth Weld,,,,2007
46333.84,09:03:00,metal loss-manufacturing anomaly,24.0,4.57,0.71,2007
46343.06,08:57:00,metal loss-manufacturing anomaly,10.0,3.98,1.73,2007
46351.26,,Girth Weld,,,,2007
46377.81,07:36:00,metal loss-manufacturing anomaly,12.0,0.94,1.06,2007
46391.32,,Girth Weld,,,,2007
46430.41,07:31:00,metal loss,38.0,1.65,1.14,2007
46430.44,08:03:00,metal loss,28.0,1.06,2.13,2007
46431.33,,Girth Weld,,,,2007
46432.14,05:08:00,metal loss,10.0,0.91,0.87,2007
46437.34,07:18:00,metal loss-manufacturing anomaly,14.0,0.59,0.71,2007
46452.85,,Girth Weld,,,,2007
46492.86,,Girth Weld,,,,2007
46522.29,,Girth Weld,,,,2007
46562.26,,Girth Weld,,,,2007
46583.92,,Girth Weld,,,,2007
46623.86,,Girth Weld,,,,2007
46656.86,,Girth Weld,,,,2007
46664.82,04:49:00,metal loss,20.0,0.94,0.67,2007
46696.8,,Girth Weld,,,,2007
46701.98,,Bend,,,,2007
46707.24,,Girth Weld,,,,2007
46733.12,08:25:00,metal loss,15.0,0.87,0.94,2007
46747.28,,Girth Weld,,,,2007
46763.51,,Girth Weld,,,,2007
46764.12,04:13:00,Cluster,12.0,3.56,3.48,2007
46764.26,05:15:00,Cluster,28.0,5.63,13.45,2007
46803.49,,Girth Weld,,,,2007
46843.6,,Girth Weld,,,,2007
46869.83,11:25:00,metal loss-manufacturing anomaly,12.0,3.42,4.53,2007
46883.68,,Girth Weld,,,,2007
46923.56,,Girth Weld,,,,2007
46963.56,,Girth Weld,,,,2007
47002.9,,Girth Weld,,,,2007
47042.9,,Girth Weld,,,,2007
47082.89,,Girth Weld,,,,2007
47122.9,,Girth Weld,,,,2007
47156.85,,Girth Weld,,,,2007
47160.0,,Girth Weld,,,,2007
47164.09,,Bend,,,,2007
47168.39,,Girth Weld,,,,2007
47208.5,,Girth Weld,,,,2007
47236.71,,Girth Weld,,,,2007
47243.85,,Girth Weld,,,,2007
47255.56,,Girth Weld,,,,2007
47265.47,,Girth Weld,,,,2007
47266.22,03:19:00,Cluster,11.0,3.04,7.08,2007
47266.24,01:47:00,metal loss,12.0,0.94,1.97,2007
47286.51,,Girth Weld,,,,2007
47298.31,12:16:00,Cluster,11.0,4.48,1.49,2007
47299.22,12:15:00,metal loss,14.0,0.71,0.87,2007
47325.43,03:43:00,Cluster,21.0,5.09,23.79,2007
47325.5,08:37:00,Cluster,10.0,3.55,7.37,2007
47326.57,,Girth Weld,,,,2007
47327.36,01:15:00,Cluster,20.0,1.61,9.17,2007
47366.65,,Girth Weld,,,,2007
47373.61,04:39:00,metal loss-manufacturing anomaly,11.0,0.43,0.71,2007
47373.76,04:34:00,metal loss-manufacturing anomaly,14.0,0.63,0.71,2007
47406.54,,Girth Weld,,,,2007
47446.51,,Girth Weld,,,,2007
47486.51,,Girth Weld,,,,2007
47509.34,,Girth Weld,,,,2007
47548.14,04:45:00,Cluster,33.0,4.97,18.45,2007
47548.42,04:05:00,metal loss,15.0,0.91,1.42,2007
47549.33,,Girth Weld,,,,2007
47589.26,,Girth Weld,,,,2007
47628.58,,Girth Weld,,,,2007
47650.68,,Girth Weld,,,,2007
47686.69,,Girth Weld,,,,2007
47690.82,,Bend,,,,2007
47694.8,,Girth Weld,,,,2007
47704.8,,Girth Weld,,,,2007
47705.64,05:35:00,metal loss,10.0,1.18,0.94,2007
47744.86,,Girth Weld,,,,2007
47784.82,,Girth Weld,,,,2007
47797.69,,Above Ground Marker,,,,2007
47824.77,,Girth Weld,,,,2007
47864.75,,Girth Weld,,,,2007
47904.74,,Girth Weld,,,,2007
47944.71,,Girth Weld,,,,2007
47984.74,,Girth Weld,,,,2007
48024.8,,Girth Weld,,,,2007
48035.75,,Girth Weld,,,,2007
48051.67,,Girth Weld,,,,2007
48091.65,,Girth Weld,,,,2007
48104.66,,Girth Weld,,,,2007
48144.75,,Girth Weld,,,,2007
48184.79,,Girth Weld,,,,2007
48224.88,,Girth Weld,,,,2007
48264.9,,Girth Weld,,,,2007
48304.86,,Girth Weld,,,,2007
48344.9,,Girth Weld,,,,2007
48384.85,,Girth Weld,,,,2007
48424.79,,Girth Weld,,,,2007
48464.74,,Girth Weld,,,,2007
48504.69,,Girth Weld,,,,2007
48512.87,,Girth Weld,,,,2007
48518.68,,Bend,,,,2007
48524.47,,Girth Weld,,,,2007
48531.79,,Girth Weld,,,,2007
48537.35,,Bend,,,,2007
48542.94,,Girth Weld,,,,2007
48569.87,,Girth Weld,,,,2007
48575.34,,Bend,,,,2007
48581.09,,Girth Weld,,,,2007
48590.4,,Girth Weld,,,,2007
48595.23,,Bend,,,,2007
48599.99,,Girth Weld,,,,2007
48614.61,,Girth Weld,,,,2007
48654.61,,Girth Weld,,,,2007
48680.41,03:46:00,metal loss-manufacturing anomaly,22.0,4.02,0.59,2007
48694.52,,Girth Weld,,,,2007
48734.47,,Girth Weld,,,,2007
48774.21,,Girth Weld,,,,2007
48794.14,,Girth Weld,,,,2007
48799.17,,Bend,,,,2007
48804.32,,Girth Weld,,,,2007
48804.83,05:14:00,Cluster,36.0,6.95,8.27,2007
48833.32,,Girth Weld,,,,2007
48873.12,,Girth Weld,,,,2007
48913.12,,Girth Weld,,,,2007
48953.1,,Girth Weld,,,,2007
48992.93,,Girth Weld,,,,2007
49032.82,,Girth Weld,,,,2007
49072.64,,Girth Weld,,,,2007
49112.64,,Girth Weld,,,,2007
49130.2,,Girth Weld,,,,2007
49170.19,,Girth Weld,,,,2007
49210.18,,Girth Weld,,,,2007
49250.17,,Girth Weld,,,,2007
49290.15,,Girth Weld,,,,2007
49329.88,,Girth Weld,,,,2007
49369.9,,Girth Weld,,,,2007
49409.88,,Girth Weld,,,,2007
49449.57,,Girth Weld,,,,2007
49489.51,,Girth Weld,,,,2007
49529.46,,Girth Weld,,,,2007
49568.26,,Girth Weld,,,,2007
49608.24,,Girth Weld,,,,2007
49648.21,,Girth Weld,,,,2007
49688.18,,Girth Weld,,,,2007
49728.14,,Girth Weld,,,,2007
49768.06,,Girth Weld,,,,2007
49768.63,03:55:00,Cluster,26.0,5.08,10.77,2007
49808.13,,Girth Weld,,,,2007
49848.12,,Girth Weld,,,,2007
49888.14,,Girth Weld,,,,2007
49928.1,,Girth Weld,,,,2007
49968.07,,Girth Weld,,,,2007
50008.09,,Girth Weld,,,,2007
50048.08,,Girth Weld,,,,2007
50088.07,,Girth Weld,,,,2007
50128.07,,Girth Weld,,,,2007
50168.0,,Girth Weld,,,,2007
50173.33,,Bend,,,,2007
50178.22,,Girth Weld,,,,2007
50192.33,08:37:00,Cluster,20.0,4.67,1.53,2007
50194.02,08:48:00,metal loss,12.0,0.98,1.06,2007
50196.57,09:07:00,metal loss,10.0,0.87,0.91,2007
50199.17,04:15:00,Cluster,33.0,10.43,5.57,2007
50200.15,04:37:00,Cluster,17.0,4.44,0.98,2007
50200.65,04:29:00,metal loss,19.0,3.15,1.73,2007
50201.03,04:38:00,metal loss,16.0,0.63,0.71,2007
50218.28,,Girth Weld,,,,2007
50235.13,,Girth Weld,,,,2007
50275.07,,Girth Weld,,,,2007
50315.06,,Girth Weld,,,,2007
50355.03,,Girth Weld,,,,2007
50394.98,,Girth Weld,,,,2007
50431.18,,Girth Weld,,,,2007
50471.13,,Girth Weld,,,,2007
50511.12,,Girth Weld,,,,2007
50550.9,,Girth Weld,,,,2007
50590.87,,Girth Weld,,,,2007
50630.78,,Girth Weld,,,,2007
50670.7,,Girth Weld,,,,2007
50681.04,10:07:00,metal loss-manufacturing anomaly,15.0,1.97,0.59,2007
50710.66,,Girth Weld,,,,2007
50738.69,06:38:00,metal loss,16.0,0.59,0.71,2007
50750.64,,Girth Weld,,,,2007
50790.63,,Girth Weld,,,,2007
50830.6,,Girth Weld,,,,2007
50870.58,,Girth Weld,,,,2007
50909.98,,Girth Weld,,,,2007
50949.88,,Girth Weld,,,,2007
50989.86,,Girth Weld,,,,2007
51029.8,,Girth Weld,,,,2007
51069.73,,Girth Weld,,,,2007
51109.57,,Girth Weld,,,,2007
51120.59,10:34:00,metal loss-manufacturing anomaly,14.0,0.47,0.71,2007
51148.51,,Girth Weld,,,,2007
51188.03,07:28:00,Cluster,10.0,2.48,5.22,2007
51188.79,,Girth Weld,,,,2007
51192.47,,Bend,,,,2007
51196.36,,Girth Weld,,,,2007
51209.71,,Girth Weld,,,,2007
51216.51,,Bend,,,,2007
51222.38,,Girth Weld,,,,2007
51232.84,,Girth Weld,,,,2007
51236.72,,Bend,,,,2007
51240.43,,Girth Weld,,,,2007
51280.69,,Girth Weld,,,,2007
51319.99,,Girth Weld,,,,2007
51330.83,,Girth Weld,,,,2007
51362.48,,Girth Weld,,,,2007
51391.84,,Girth Weld,,,,2007
51402.33,,Girth Weld,,,,2007
51442.16,,Girth Weld,,,,2007
51482.08,,Girth Weld,,,,2007
51522.07,,Girth Weld,,,,2007
51528.13,,Bend,,,,2007
51534.04,,Girth Weld,,,,2007
51574.08,,Girth Weld,,,,2007
51592.51,,Girth Weld,,,,2007
51605.5,,Girth Weld,,,,2007
51631.88,,Girth Weld,,,,2007
51671.47,,Girth Weld,,,,2007
51691.33,,Girth Weld,,,,2007
51719.48,,Girth Weld,,,,2007
51759.38,,Girth Weld,,,,2007
51791.42,,Girth Weld,,,,2007
51831.45,,Girth Weld,,,,2007
51864.4,,Girth Weld,,,,2007
51887.97,,Girth Weld,,,,2007
51890.81,07:06:00,metal loss-manufacturing anomaly,18.0,0.59,0.71,2007
51927.99,,Girth Weld,,,,2007
51968.0,,Girth Weld,,,,2007
52008.0,,Girth Weld,,,,2007
52048.02,,Girth Weld,,,,2007
52088.06,,Girth Weld,,,,2007
52127.93,,Girth Weld,,,,2007
52167.96,,Girth Weld,,,,2007
52207.98,,Girth Weld,,,,2007
52248.02,,Girth Weld,,,,2007
52288.07,,Girth Weld,,,,2007
52328.1,,Girth Weld,,,,2007
52368.14,,Girth Weld,,,,2007
52408.06,,Girth Weld,,,,2007
52448.07,,Girth Weld,,,,2007
52488.11,,Girth Weld,,,,2007
52528.15,,Girth Weld,,,,2007
52568.17,,Girth Weld,,,,2007
52608.18,,Girth Weld,,,,2007
52648.18,,Girth Weld,,,,2007
52688.13,,Girth Weld,,,,2007
52728.17,,Girth Weld,,,,2007
52768.12,,Girth Weld,,,,2007
52786.59,,Girth Weld,,,,2007
52826.6,,Girth Weld,,,,2007
52866.63,,Girth Weld,,,,2007
52906.69,,Girth Weld,,,,2007
52946.7,,Girth Weld,,,,2007
52971.15,,Above Ground Marker,,,,2007
52986.67,,Girth Weld,,,,2007
53026.56,,Girth Weld,,,,2007
53066.45,,Girth Weld,,,,2007
53106.38,,Girth Weld,,,,2007
53107.12,08:11:00,Cluster,15.0,4.16,7.29,2007
53146.45,,Girth Weld,,,,2007
53186.5,,Girth Weld,,,,2007
53187.09,05:19:00,Cluster,12.0,3.23,8.71,2007
53187.97,06:30:00,metal loss,21.0,4.05,1.53,2007
53188.01,05:33:00,Cluster,24.0,3.7,3.0,2007
53188.12,04:54:00,metal loss,12.0,1.73,1.85,2007
53188.47,05:14:00,metal loss,10.0,1.1,0.91,2007
53226.51,,Girth Weld,,,,2007
53266.43,,Girth Weld,,,,2007
53306.5,,Girth Weld,,,,2007
53346.59,,Girth Weld,,,,2007
53386.66,,Girth Weld,,,,2007
53426.71,,Girth Weld,,,,2007
53466.77,,Girth Weld,,,,2007
53506.72,,Girth Weld,,,,2007
53538.01,,Girth Weld,,,,2007
53577.92,,Girth Weld,,,,2007
53617.86,,Girth Weld,,,,2007
53657.77,,Girth Weld,,,,2007
53697.57,,Girth Weld,,,,2007
53737.6,,Girth Weld,,,,2007
53770.07,,Girth Weld,,,,2007
53810.18,,Girth Weld,,,,2007
53850.23,,Girth Weld,,,,2007
53890.39,,Girth Weld,,,,2007
53920.16,04:36:00,metal loss-manufacturing anomaly,10.0,0.51,0.71,2007
53930.44,,Girth Weld,,,,2007
53970.47,,Girth Weld,,,,2007
54010.45,,Girth Weld,,,,2007
54041.62,,Girth Weld,,,,2007
54081.56,,Girth Weld,,,,2007
54088.45,,Bend,,,,2007
54095.34,,Girth Weld,,,,2007
54135.4,,Girth Weld,,,,2007
54175.42,,Girth Weld,,,,2007
54183.68,,Girth Weld,,,,2007
54223.78,,Girth Weld,,,,2007
54263.92,,Girth Weld,,,,2007
54304.0,,Girth Weld,,,,2007
54344.07,,Girth Weld,,,,2007
54384.13,,Girth Weld,,,,2007
54418.55,,Girth Weld,,,,2007
54458.58,,Girth Weld,,,,2007
54498.61,,Girth Weld,,,,2007
54538.58,,Girth Weld,,,,2007
54570.03,,Girth Weld,,,,2007
54610.04,,Girth Weld,,,,2007
54650.02,,Girth Weld,,,,2007
54690.0,,Girth Weld,,,,2007
54730.01,,Girth Weld,,,,2007
54770.02,,Girth Weld,,,,2007
54810.04,,Girth Weld,,,,2007
54850.05,,Girth Weld,,,,2007
54890.06,,Girth Weld,,,,2007
54930.03,,Girth Weld,,,,2007
54970.0,,Girth Weld,,,,2007
55009.99,,Girth Weld,,,,2007
55049.99,,Girth Weld,,,,2007
55089.97,,Girth Weld,,,,2007
55090.68,04:30:00,Cluster,12.0,3.08,9.28,2007
55129.97,,Girth Weld,,,,2007
55169.96,,Girth Weld,,,,2007
55210.0,,Girth Weld,,,,2007
55249.96,,Girth Weld,,,,2007
55289.93,,Girth Weld,,,,2007
55329.81,,Girth Weld,,,,2007
55369.84,,Girth Weld,,,,2007
55409.72,,Girth Weld,,,,2007
55449.71,,Girth Weld,,,,2007
55489.72,,Girth Weld,,,,2007
55529.73,,Girth Weld,,,,2007
55569.74,,Girth Weld,,,,2007
55606.64,03:06:00,metal loss-manufacturing anomaly,23.0,0.51,0.63,2007
55609.76,,Girth Weld,,,,2007
55642.74,,Girth Weld,,,,2007
55664.51,12:00:00,Tap,,,,2007
55682.72,,Girth Weld,,,,2007
55722.68,,Girth Weld,,,,2007
55762.7,,Girth Weld,,,,2007
55802.72,,Girth Weld,,,,2007
55838.78,,Girth Weld,,,,2007
55878.7,,Girth Weld,,,,2007
55918.63,,Girth Weld,,,,2007
55946.89,,Girth Weld,,,,2007
55986.95,,Girth Weld,,,,2007
56017.41,,Girth Weld,,,,2007
56025.84,12:54:00,metal loss-manufacturing anomaly,13.0,0.59,0.59,2007
56057.48,,Girth Weld,,,,2007
56083.77,,Girth Weld,,,,2007
56123.79,,Girth Weld,,,,2007
56145.31,,Girth Weld,,,,2007
56185.24,,Girth Weld,,,,2007
56208.76,,Girth Weld,,,,2007
56248.71,,Girth Weld,,,,2007
56268.88,,Girth Weld,,,,2007
56307.69,,Girth Weld,,,,2007
56328.75,,Girth Weld,,,,2007
56368.87,,Girth Weld,,,,2007
56387.34,08:50:00,Cluster,14.0,2.64,3.69,2007
56387.38,06:59:00,Cluster,10.0,1.03,3.62,2007
56387.4,08:10:00,metal loss,10.0,0.87,1.18,2007
56387.44,06:02:00,metal loss,10.0,0.71,1.65,2007
56388.3,,Girth Weld,,,,2007
56428.45,,Girth Weld,,,,2007
56448.41,,Girth Weld,,,,2007
56488.4,,Girth Weld,,,,2007
56513.79,,Girth Weld,,,,2007
56544.05,,Girth Weld,,,,2007
56573.34,,Girth Weld,,,,2007
56613.46,,Girth Weld,,,,2007
56645.16,,Girth Weld,,,,2007
56653.07,,Bend,,,,2007
56661.12,,Girth Weld,,,,2007
56701.17,,Girth Weld,,,,2007
56718.51,,Girth Weld,,,,2007
56758.56,,Girth Weld,,,,2007
56798.48,,Girth Weld,,,,2007
56838.37,,Girth Weld,,,,2007
56855.49,,Girth Weld,,,,2007
56873.91,,Girth Weld,,,,2007
56876.96,,Bend,,,,2007
56880.11,,Girth Weld,,,,2007
56920.04,,Girth Weld,,,,2007
56936.15,,Girth Weld,,,,2007
56939.89,,Bend,,,,2007
56943.76,,Girth Weld,,,,2007
56983.8,,Girth Weld,,,,2007
57018.97,,Girth Weld,,,,2007
57023.88,,Bend,,,,2007
57029.27,,Girth Weld,,,,2007
57045.96,,Girth Weld,,,,2007
57085.89,,Girth Weld,,,,2007
57093.25,,Bend,,,,2007
57107.54,,Girth Weld,,,,2007
57124.28,,Girth Weld,,,,2007
57132.04,,Bend,,,,2007
57138.79,,Girth Weld,,,,2007
57157.25,,Above Ground Marker,,,,2007
57178.77,,Girth Weld,,,,2007
57184.56,,Girth Weld,,,,2007
57189.54,,Girth Weld,,,,2007
57192.57,12:00:00,Magnet,,,,2007
57194.19,,Bend,,,,2007
57202.82,,Bend,,,,2007
57207.74,,Area Start Receiver,,,,2007
57209.48,09:00:00,Tee,,,,2007
57211.84,,Flange,,,,2007
57218.11,03:00:00,Tap,,,,2007
57218.48,09:00:00,Tap,,,,2007
57219.88,,Valve,,,,2007
57221.29,09:00:00,Tap,,,,2007
57221.61,03:00:00,Tap,,,,2007
57224.14,12:00:00,Tap,,,,2007
57237.58,06:00:00,Support,,,,2007
57240.17,06:00:00,Support,,,,2007
57266.64,,Area End Receiver,,,,2007
